label,class,image,dataset
8,stadium,00001.jpg,train
3,oil_gas_field,00002.jpg,train
0,car,00003.jpg,train
6,runway_mark,00004.jpg,train
5,plane,00005.jpg,train
1,harbor,00006.jpg,train
6,runway_mark,00007.jpg,train
2,helicopter,00008.jpg,train
4,parking_lot,00009.jpg,train
2,helicopter,00010.jpg,train
4,parking_lot,00011.jpg,train
8,stadium,00012.jpg,train
1,harbor,00013.jpg,train
6,runway_mark,00014.jpg,train
0,car,00015.jpg,train
4,parking_lot,00016.jpg,train
5,plane,00017.jpg,train
2,helicopter,00018.jpg,train
0,car,00019.jpg,train
1,harbor,00020.jpg,train
0,car,00021.jpg,train
6,runway_mark,00022.jpg,train
0,car,00023.jpg,train
0,car,00024.jpg,train
7,ship,00025.jpg,train
6,runway_mark,00026.jpg,train
6,runway_mark,00027.jpg,train
8,stadium,00028.jpg,train
4,parking_lot,00029.jpg,train
1,harbor,00030.jpg,train
2,helicopter,00031.jpg,train
7,ship,00032.jpg,train
2,helicopter,00033.jpg,train
5,plane,00034.jpg,train
6,runway_mark,00035.jpg,train
4,parking_lot,00036.jpg,train
4,parking_lot,00037.jpg,train
3,oil_gas_field,00038.jpg,train
0,car,00039.jpg,train
5,plane,00040.jpg,train
1,harbor,00041.jpg,train
7,ship,00042.jpg,train
1,harbor,00043.jpg,train
5,plane,00044.jpg,train
3,oil_gas_field,00045.jpg,train
7,ship,00046.jpg,train
6,runway_mark,00047.jpg,train
5,plane,00048.jpg,train
0,car,00049.jpg,train
2,helicopter,00050.jpg,train
0,car,00051.jpg,train
1,harbor,00052.jpg,train
6,runway_mark,00053.jpg,train
7,ship,00054.jpg,train
9,storage_tank,00055.jpg,train
7,ship,00056.jpg,train
6,runway_mark,00057.jpg,train
5,plane,00058.jpg,train
1,harbor,00059.jpg,train
9,storage_tank,00060.jpg,train
4,parking_lot,00061.jpg,train
9,storage_tank,00062.jpg,train
4,parking_lot,00063.jpg,train
1,harbor,00064.jpg,train
2,helicopter,00065.jpg,train
8,stadium,00066.jpg,train
7,ship,00067.jpg,train
4,parking_lot,00068.jpg,train
7,ship,00069.jpg,train
0,car,00070.jpg,train
3,oil_gas_field,00071.jpg,train
0,car,00072.jpg,train
6,runway_mark,00073.jpg,train
0,car,00074.jpg,train
5,plane,00075.jpg,train
4,parking_lot,00076.jpg,train
3,oil_gas_field,00077.jpg,train
0,car,00078.jpg,train
0,car,00079.jpg,train
4,parking_lot,00080.jpg,train
3,oil_gas_field,00081.jpg,train
7,ship,00082.jpg,train
6,runway_mark,00083.jpg,train
9,storage_tank,00084.jpg,train
9,storage_tank,00085.jpg,train
6,runway_mark,00086.jpg,train
3,oil_gas_field,00087.jpg,train
3,oil_gas_field,00088.jpg,train
6,runway_mark,00089.jpg,train
4,parking_lot,00090.jpg,train
6,runway_mark,00091.jpg,train
0,car,00092.jpg,train
0,car,00093.jpg,train
0,car,00094.jpg,train
5,plane,00095.jpg,train
6,runway_mark,00096.jpg,train
5,plane,00097.jpg,train
0,car,00098.jpg,train
6,runway_mark,00099.jpg,train
7,ship,00100.jpg,train
2,helicopter,00101.jpg,train
2,helicopter,00102.jpg,train
0,car,00103.jpg,train
5,plane,00104.jpg,train
1,harbor,00105.jpg,train
4,parking_lot,00106.jpg,train
4,parking_lot,00107.jpg,train
8,stadium,00108.jpg,train
2,helicopter,00109.jpg,train
2,helicopter,00110.jpg,train
8,stadium,00111.jpg,train
1,harbor,00112.jpg,train
2,helicopter,00113.jpg,train
9,storage_tank,00114.jpg,train
9,storage_tank,00115.jpg,train
9,storage_tank,00116.jpg,train
3,oil_gas_field,00117.jpg,train
6,runway_mark,00118.jpg,train
4,parking_lot,00119.jpg,train
5,plane,00120.jpg,train
9,storage_tank,00121.jpg,train
7,ship,00122.jpg,train
4,parking_lot,00123.jpg,train
0,car,00124.jpg,train
8,stadium,00125.jpg,train
0,car,00126.jpg,train
6,runway_mark,00127.jpg,train
3,oil_gas_field,00128.jpg,train
7,ship,00129.jpg,train
8,stadium,00130.jpg,train
9,storage_tank,00131.jpg,train
9,storage_tank,00132.jpg,train
6,runway_mark,00133.jpg,train
3,oil_gas_field,00134.jpg,train
3,oil_gas_field,00135.jpg,train
8,stadium,00136.jpg,train
6,runway_mark,00137.jpg,train
6,runway_mark,00138.jpg,train
5,plane,00139.jpg,train
7,ship,00140.jpg,train
4,parking_lot,00141.jpg,train
0,car,00142.jpg,train
9,storage_tank,00143.jpg,train
4,parking_lot,00144.jpg,train
8,stadium,00145.jpg,train
4,parking_lot,00146.jpg,train
7,ship,00147.jpg,train
2,helicopter,00148.jpg,train
7,ship,00149.jpg,train
0,car,00150.jpg,train
4,parking_lot,00151.jpg,train
3,oil_gas_field,00152.jpg,train
5,plane,00153.jpg,train
0,car,00154.jpg,train
0,car,00155.jpg,train
3,oil_gas_field,00156.jpg,train
5,plane,00157.jpg,train
7,ship,00158.jpg,train
6,runway_mark,00159.jpg,train
2,helicopter,00160.jpg,train
6,runway_mark,00161.jpg,train
0,car,00162.jpg,train
7,ship,00163.jpg,train
7,ship,00164.jpg,train
5,plane,00165.jpg,train
1,harbor,00166.jpg,train
9,storage_tank,00167.jpg,train
0,car,00168.jpg,train
0,car,00169.jpg,train
2,helicopter,00170.jpg,train
3,oil_gas_field,00171.jpg,train
6,runway_mark,00172.jpg,train
4,parking_lot,00173.jpg,train
1,harbor,00174.jpg,train
5,plane,00175.jpg,train
2,helicopter,00176.jpg,train
8,stadium,00177.jpg,train
9,storage_tank,00178.jpg,train
5,plane,00179.jpg,train
8,stadium,00180.jpg,train
5,plane,00181.jpg,train
1,harbor,00182.jpg,train
4,parking_lot,00183.jpg,train
8,stadium,00184.jpg,train
5,plane,00185.jpg,train
0,car,00186.jpg,train
9,storage_tank,00187.jpg,train
3,oil_gas_field,00188.jpg,train
5,plane,00189.jpg,train
6,runway_mark,00190.jpg,train
4,parking_lot,00191.jpg,train
5,plane,00192.jpg,train
5,plane,00193.jpg,train
1,harbor,00194.jpg,train
5,plane,00195.jpg,train
3,oil_gas_field,00196.jpg,train
0,car,00197.jpg,train
6,runway_mark,00198.jpg,train
7,ship,00199.jpg,train
0,car,00200.jpg,train
6,runway_mark,00201.jpg,train
3,oil_gas_field,00202.jpg,train
4,parking_lot,00203.jpg,train
9,storage_tank,00204.jpg,train
0,car,00205.jpg,train
1,harbor,00206.jpg,train
3,oil_gas_field,00207.jpg,train
4,parking_lot,00208.jpg,train
1,harbor,00209.jpg,train
7,ship,00210.jpg,train
9,storage_tank,00211.jpg,train
1,harbor,00212.jpg,train
6,runway_mark,00213.jpg,train
8,stadium,00214.jpg,train
7,ship,00215.jpg,train
6,runway_mark,00216.jpg,train
4,parking_lot,00217.jpg,train
3,oil_gas_field,00218.jpg,train
2,helicopter,00219.jpg,train
9,storage_tank,00220.jpg,train
5,plane,00221.jpg,train
2,helicopter,00222.jpg,train
1,harbor,00223.jpg,train
1,harbor,00224.jpg,train
1,harbor,00225.jpg,train
2,helicopter,00226.jpg,train
2,helicopter,00227.jpg,train
5,plane,00228.jpg,train
8,stadium,00229.jpg,train
1,harbor,00230.jpg,train
7,ship,00231.jpg,train
6,runway_mark,00232.jpg,train
1,harbor,00233.jpg,train
0,car,00234.jpg,train
1,harbor,00235.jpg,train
3,oil_gas_field,00236.jpg,train
0,car,00237.jpg,train
7,ship,00238.jpg,train
3,oil_gas_field,00239.jpg,train
0,car,00240.jpg,train
1,harbor,00241.jpg,train
6,runway_mark,00242.jpg,train
7,ship,00243.jpg,train
3,oil_gas_field,00244.jpg,train
1,harbor,00245.jpg,train
5,plane,00246.jpg,train
0,car,00247.jpg,train
6,runway_mark,00248.jpg,train
4,parking_lot,00249.jpg,train
1,harbor,00250.jpg,train
1,harbor,00251.jpg,train
1,harbor,00252.jpg,train
9,storage_tank,00253.jpg,train
0,car,00254.jpg,train
0,car,00255.jpg,train
4,parking_lot,00256.jpg,train
7,ship,00257.jpg,train
3,oil_gas_field,00258.jpg,train
5,plane,00259.jpg,train
4,parking_lot,00260.jpg,train
4,parking_lot,00261.jpg,train
0,car,00262.jpg,train
5,plane,00263.jpg,train
1,harbor,00264.jpg,train
1,harbor,00265.jpg,train
0,car,00266.jpg,train
8,stadium,00267.jpg,train
1,harbor,00268.jpg,train
3,oil_gas_field,00269.jpg,train
1,harbor,00270.jpg,train
4,parking_lot,00271.jpg,train
1,harbor,00272.jpg,train
3,oil_gas_field,00273.jpg,train
4,parking_lot,00274.jpg,train
3,oil_gas_field,00275.jpg,train
7,ship,00276.jpg,train
7,ship,00277.jpg,train
9,storage_tank,00278.jpg,train
4,parking_lot,00279.jpg,train
9,storage_tank,00280.jpg,train
3,oil_gas_field,00281.jpg,train
2,helicopter,00282.jpg,train
7,ship,00283.jpg,train
9,storage_tank,00284.jpg,train
8,stadium,00285.jpg,train
3,oil_gas_field,00286.jpg,train
4,parking_lot,00287.jpg,train
9,storage_tank,00288.jpg,train
2,helicopter,00289.jpg,train
3,oil_gas_field,00290.jpg,train
9,storage_tank,00291.jpg,train
7,ship,00292.jpg,train
9,storage_tank,00293.jpg,train
9,storage_tank,00294.jpg,train
5,plane,00295.jpg,train
6,runway_mark,00296.jpg,train
4,parking_lot,00297.jpg,train
4,parking_lot,00298.jpg,train
3,oil_gas_field,00299.jpg,train
9,storage_tank,00300.jpg,train
7,ship,00301.jpg,train
5,plane,00302.jpg,train
8,stadium,00303.jpg,train
8,stadium,00304.jpg,train
8,stadium,00305.jpg,train
3,oil_gas_field,00306.jpg,train
0,car,00307.jpg,train
5,plane,00308.jpg,train
5,plane,00309.jpg,train
2,helicopter,00310.jpg,train
3,oil_gas_field,00311.jpg,train
9,storage_tank,00312.jpg,train
5,plane,00313.jpg,train
6,runway_mark,00314.jpg,train
3,oil_gas_field,00315.jpg,train
1,harbor,00316.jpg,train
8,stadium,00317.jpg,train
7,ship,00318.jpg,train
5,plane,00319.jpg,train
1,harbor,00320.jpg,train
6,runway_mark,00321.jpg,train
8,stadium,00322.jpg,train
1,harbor,00323.jpg,train
8,stadium,00324.jpg,train
2,helicopter,00325.jpg,train
8,stadium,00326.jpg,train
1,harbor,00327.jpg,train
6,runway_mark,00328.jpg,train
6,runway_mark,00329.jpg,train
1,harbor,00330.jpg,train
8,stadium,00331.jpg,train
1,harbor,00332.jpg,train
0,car,00333.jpg,train
4,parking_lot,00334.jpg,train
3,oil_gas_field,00335.jpg,train
3,oil_gas_field,00336.jpg,train
1,harbor,00337.jpg,train
6,runway_mark,00338.jpg,train
0,car,00339.jpg,train
0,car,00340.jpg,train
0,car,00341.jpg,train
0,car,00342.jpg,train
1,harbor,00343.jpg,train
4,parking_lot,00344.jpg,train
7,ship,00345.jpg,train
6,runway_mark,00346.jpg,train
9,storage_tank,00347.jpg,train
8,stadium,00348.jpg,train
4,parking_lot,00349.jpg,train
7,ship,00350.jpg,train
0,car,00351.jpg,train
8,stadium,00352.jpg,train
9,storage_tank,00353.jpg,train
0,car,00354.jpg,train
9,storage_tank,00355.jpg,train
9,storage_tank,00356.jpg,train
3,oil_gas_field,00357.jpg,train
1,harbor,00358.jpg,train
5,plane,00359.jpg,train
3,oil_gas_field,00360.jpg,train
4,parking_lot,00361.jpg,train
8,stadium,00362.jpg,train
9,storage_tank,00363.jpg,train
6,runway_mark,00364.jpg,train
3,oil_gas_field,00365.jpg,train
8,stadium,00366.jpg,train
4,parking_lot,00367.jpg,train
1,harbor,00368.jpg,train
6,runway_mark,00369.jpg,train
3,oil_gas_field,00370.jpg,train
4,parking_lot,00371.jpg,train
0,car,00372.jpg,train
0,car,00373.jpg,train
3,oil_gas_field,00374.jpg,train
6,runway_mark,00375.jpg,train
7,ship,00376.jpg,train
1,harbor,00377.jpg,train
5,plane,00378.jpg,train
5,plane,00379.jpg,train
7,ship,00380.jpg,train
7,ship,00381.jpg,train
6,runway_mark,00382.jpg,train
1,harbor,00383.jpg,train
1,harbor,00384.jpg,train
3,oil_gas_field,00385.jpg,train
9,storage_tank,00386.jpg,train
7,ship,00387.jpg,train
7,ship,00388.jpg,train
2,helicopter,00389.jpg,train
7,ship,00390.jpg,train
8,stadium,00391.jpg,train
3,oil_gas_field,00392.jpg,train
1,harbor,00393.jpg,train
2,helicopter,00394.jpg,train
7,ship,00395.jpg,train
4,parking_lot,00396.jpg,train
7,ship,00397.jpg,train
0,car,00398.jpg,train
9,storage_tank,00399.jpg,train
8,stadium,00400.jpg,train
1,harbor,00401.jpg,train
0,car,00402.jpg,train
3,oil_gas_field,00403.jpg,train
2,helicopter,00404.jpg,train
1,harbor,00405.jpg,train
6,runway_mark,00406.jpg,train
5,plane,00407.jpg,train
9,storage_tank,00408.jpg,train
1,harbor,00409.jpg,train
5,plane,00410.jpg,train
5,plane,00411.jpg,train
4,parking_lot,00412.jpg,train
3,oil_gas_field,00413.jpg,train
8,stadium,00414.jpg,train
9,storage_tank,00415.jpg,train
5,plane,00416.jpg,train
7,ship,00417.jpg,train
1,harbor,00418.jpg,train
7,ship,00419.jpg,train
7,ship,00420.jpg,train
4,parking_lot,00421.jpg,train
4,parking_lot,00422.jpg,train
3,oil_gas_field,00423.jpg,train
8,stadium,00424.jpg,train
7,ship,00425.jpg,train
6,runway_mark,00426.jpg,train
3,oil_gas_field,00427.jpg,train
9,storage_tank,00428.jpg,train
7,ship,00429.jpg,train
9,storage_tank,00430.jpg,train
2,helicopter,00431.jpg,train
6,runway_mark,00432.jpg,train
0,car,00433.jpg,train
1,harbor,00434.jpg,train
3,oil_gas_field,00435.jpg,train
8,stadium,00436.jpg,train
2,helicopter,00437.jpg,train
5,plane,00438.jpg,train
0,car,00439.jpg,train
1,harbor,00440.jpg,train
6,runway_mark,00441.jpg,train
3,oil_gas_field,00442.jpg,train
1,harbor,00443.jpg,train
3,oil_gas_field,00444.jpg,train
0,car,00445.jpg,train
1,harbor,00446.jpg,train
5,plane,00447.jpg,train
3,oil_gas_field,00448.jpg,train
9,storage_tank,00449.jpg,train
4,parking_lot,00450.jpg,train
8,stadium,00451.jpg,train
3,oil_gas_field,00452.jpg,train
5,plane,00453.jpg,train
5,plane,00454.jpg,train
2,helicopter,00455.jpg,train
1,harbor,00456.jpg,train
5,plane,00457.jpg,train
6,runway_mark,00458.jpg,train
4,parking_lot,00459.jpg,train
3,oil_gas_field,00460.jpg,train
3,oil_gas_field,00461.jpg,train
5,plane,00462.jpg,train
8,stadium,00463.jpg,train
0,car,00464.jpg,train
6,runway_mark,00465.jpg,train
0,car,00466.jpg,train
5,plane,00467.jpg,train
1,harbor,00468.jpg,train
9,storage_tank,00469.jpg,train
4,parking_lot,00470.jpg,train
0,car,00471.jpg,train
8,stadium,00472.jpg,train
9,storage_tank,00473.jpg,train
2,helicopter,00474.jpg,train
1,harbor,00475.jpg,train
6,runway_mark,00476.jpg,train
5,plane,00477.jpg,train
4,parking_lot,00478.jpg,train
0,car,00479.jpg,train
2,helicopter,00480.jpg,train
3,oil_gas_field,00481.jpg,train
4,parking_lot,00482.jpg,train
5,plane,00483.jpg,train
8,stadium,00484.jpg,train
4,parking_lot,00485.jpg,train
3,oil_gas_field,00486.jpg,train
6,runway_mark,00487.jpg,train
1,harbor,00488.jpg,train
0,car,00489.jpg,train
4,parking_lot,00490.jpg,train
7,ship,00491.jpg,train
5,plane,00492.jpg,train
6,runway_mark,00493.jpg,train
7,ship,00494.jpg,train
9,storage_tank,00495.jpg,train
4,parking_lot,00496.jpg,train
6,runway_mark,00497.jpg,train
2,helicopter,00498.jpg,train
7,ship,00499.jpg,train
9,storage_tank,00500.jpg,train
4,parking_lot,00501.jpg,train
3,oil_gas_field,00502.jpg,train
9,storage_tank,00503.jpg,train
4,parking_lot,00504.jpg,train
7,ship,00505.jpg,train
0,car,00506.jpg,train
2,helicopter,00507.jpg,train
6,runway_mark,00508.jpg,train
2,helicopter,00509.jpg,train
8,stadium,00510.jpg,train
1,harbor,00511.jpg,train
5,plane,00512.jpg,train
2,helicopter,00513.jpg,train
1,harbor,00514.jpg,train
8,stadium,00515.jpg,train
0,car,00516.jpg,train
3,oil_gas_field,00517.jpg,train
9,storage_tank,00518.jpg,train
9,storage_tank,00519.jpg,train
5,plane,00520.jpg,train
4,parking_lot,00521.jpg,train
4,parking_lot,00522.jpg,train
3,oil_gas_field,00523.jpg,train
4,parking_lot,00524.jpg,train
2,helicopter,00525.jpg,train
5,plane,00526.jpg,train
2,helicopter,00527.jpg,train
7,ship,00528.jpg,train
4,parking_lot,00529.jpg,train
3,oil_gas_field,00530.jpg,train
6,runway_mark,00531.jpg,train
3,oil_gas_field,00532.jpg,train
3,oil_gas_field,00533.jpg,train
2,helicopter,00534.jpg,train
8,stadium,00535.jpg,train
6,runway_mark,00536.jpg,train
5,plane,00537.jpg,train
2,helicopter,00538.jpg,train
7,ship,00539.jpg,train
1,harbor,00540.jpg,train
2,helicopter,00541.jpg,train
0,car,00542.jpg,train
1,harbor,00543.jpg,train
2,helicopter,00544.jpg,train
8,stadium,00545.jpg,train
6,runway_mark,00546.jpg,train
0,car,00547.jpg,train
6,runway_mark,00548.jpg,train
1,harbor,00549.jpg,train
1,harbor,00550.jpg,train
9,storage_tank,00551.jpg,train
4,parking_lot,00552.jpg,train
1,harbor,00553.jpg,train
5,plane,00554.jpg,train
0,car,00555.jpg,train
5,plane,00556.jpg,train
1,harbor,00557.jpg,train
5,plane,00558.jpg,train
7,ship,00559.jpg,train
7,ship,00560.jpg,train
7,ship,00561.jpg,train
8,stadium,00562.jpg,train
0,car,00563.jpg,train
2,helicopter,00564.jpg,train
3,oil_gas_field,00565.jpg,train
2,helicopter,00566.jpg,train
8,stadium,00567.jpg,train
4,parking_lot,00568.jpg,train
4,parking_lot,00569.jpg,train
7,ship,00570.jpg,train
6,runway_mark,00571.jpg,train
4,parking_lot,00572.jpg,train
1,harbor,00573.jpg,train
1,harbor,00574.jpg,train
9,storage_tank,00575.jpg,train
3,oil_gas_field,00576.jpg,train
6,runway_mark,00577.jpg,train
7,ship,00578.jpg,train
1,harbor,00579.jpg,train
9,storage_tank,00580.jpg,train
1,harbor,00581.jpg,train
4,parking_lot,00582.jpg,train
4,parking_lot,00583.jpg,train
4,parking_lot,00584.jpg,train
4,parking_lot,00585.jpg,train
5,plane,00586.jpg,train
3,oil_gas_field,00587.jpg,train
6,runway_mark,00588.jpg,train
5,plane,00589.jpg,train
1,harbor,00590.jpg,train
4,parking_lot,00591.jpg,train
1,harbor,00592.jpg,train
4,parking_lot,00593.jpg,train
7,ship,00594.jpg,train
9,storage_tank,00595.jpg,train
0,car,00596.jpg,train
5,plane,00597.jpg,train
1,harbor,00598.jpg,train
6,runway_mark,00599.jpg,train
1,harbor,00600.jpg,train
4,parking_lot,00601.jpg,train
1,harbor,00602.jpg,train
3,oil_gas_field,00603.jpg,train
8,stadium,00604.jpg,train
4,parking_lot,00605.jpg,train
1,harbor,00606.jpg,train
1,harbor,00607.jpg,train
3,oil_gas_field,00608.jpg,train
1,harbor,00609.jpg,train
4,parking_lot,00610.jpg,train
5,plane,00611.jpg,train
2,helicopter,00612.jpg,train
8,stadium,00613.jpg,train
1,harbor,00614.jpg,train
9,storage_tank,00615.jpg,train
7,ship,00616.jpg,train
3,oil_gas_field,00617.jpg,train
2,helicopter,00618.jpg,train
3,oil_gas_field,00619.jpg,train
3,oil_gas_field,00620.jpg,train
3,oil_gas_field,00621.jpg,train
9,storage_tank,00622.jpg,train
5,plane,00623.jpg,train
8,stadium,00624.jpg,train
1,harbor,00625.jpg,train
1,harbor,00626.jpg,train
0,car,00627.jpg,train
1,harbor,00628.jpg,train
9,storage_tank,00629.jpg,train
7,ship,00630.jpg,train
1,harbor,00631.jpg,train
4,parking_lot,00632.jpg,train
4,parking_lot,00633.jpg,train
2,helicopter,00634.jpg,train
5,plane,00635.jpg,train
4,parking_lot,00636.jpg,train
3,oil_gas_field,00637.jpg,train
6,runway_mark,00638.jpg,train
3,oil_gas_field,00639.jpg,train
7,ship,00640.jpg,train
7,ship,00641.jpg,train
5,plane,00642.jpg,train
2,helicopter,00643.jpg,train
4,parking_lot,00644.jpg,train
3,oil_gas_field,00645.jpg,train
2,helicopter,00646.jpg,train
3,oil_gas_field,00647.jpg,train
5,plane,00648.jpg,train
1,harbor,00649.jpg,train
5,plane,00650.jpg,train
2,helicopter,00651.jpg,train
9,storage_tank,00652.jpg,train
7,ship,00653.jpg,train
4,parking_lot,00654.jpg,train
4,parking_lot,00655.jpg,train
8,stadium,00656.jpg,train
1,harbor,00657.jpg,train
9,storage_tank,00658.jpg,train
9,storage_tank,00659.jpg,train
4,parking_lot,00660.jpg,train
8,stadium,00661.jpg,train
6,runway_mark,00662.jpg,train
9,storage_tank,00663.jpg,train
3,oil_gas_field,00664.jpg,train
3,oil_gas_field,00665.jpg,train
6,runway_mark,00666.jpg,train
5,plane,00667.jpg,train
4,parking_lot,00668.jpg,train
4,parking_lot,00669.jpg,train
1,harbor,00670.jpg,train
6,runway_mark,00671.jpg,train
9,storage_tank,00672.jpg,train
7,ship,00673.jpg,train
9,storage_tank,00674.jpg,train
4,parking_lot,00675.jpg,train
0,car,00676.jpg,train
4,parking_lot,00677.jpg,train
2,helicopter,00678.jpg,train
6,runway_mark,00679.jpg,train
5,plane,00680.jpg,train
7,ship,00681.jpg,train
0,car,00682.jpg,train
4,parking_lot,00683.jpg,train
7,ship,00684.jpg,train
8,stadium,00685.jpg,train
7,ship,00686.jpg,train
9,storage_tank,00687.jpg,train
8,stadium,00688.jpg,train
9,storage_tank,00689.jpg,train
7,ship,00690.jpg,train
0,car,00691.jpg,train
9,storage_tank,00692.jpg,train
1,harbor,00693.jpg,train
3,oil_gas_field,00694.jpg,train
4,parking_lot,00695.jpg,train
1,harbor,00696.jpg,train
4,parking_lot,00697.jpg,train
7,ship,00698.jpg,train
4,parking_lot,00699.jpg,train
9,storage_tank,00700.jpg,train
0,car,00701.jpg,train
5,plane,00702.jpg,train
5,plane,00703.jpg,train
8,stadium,00704.jpg,train
1,harbor,00705.jpg,train
5,plane,00706.jpg,train
6,runway_mark,00707.jpg,train
0,car,00708.jpg,train
8,stadium,00709.jpg,train
8,stadium,00710.jpg,train
9,storage_tank,00711.jpg,train
8,stadium,00712.jpg,train
5,plane,00713.jpg,train
0,car,00714.jpg,train
1,harbor,00715.jpg,train
4,parking_lot,00716.jpg,train
0,car,00717.jpg,train
6,runway_mark,00718.jpg,train
2,helicopter,00719.jpg,train
4,parking_lot,00720.jpg,train
7,ship,00721.jpg,train
9,storage_tank,00722.jpg,train
2,helicopter,00723.jpg,train
5,plane,00724.jpg,train
1,harbor,00725.jpg,train
8,stadium,00726.jpg,train
7,ship,00727.jpg,train
6,runway_mark,00728.jpg,train
2,helicopter,00729.jpg,train
7,ship,00730.jpg,train
9,storage_tank,00731.jpg,train
7,ship,00732.jpg,train
5,plane,00733.jpg,train
8,stadium,00734.jpg,train
2,helicopter,00735.jpg,train
0,car,00736.jpg,train
4,parking_lot,00737.jpg,train
6,runway_mark,00738.jpg,train
3,oil_gas_field,00739.jpg,train
3,oil_gas_field,00740.jpg,train
5,plane,00741.jpg,train
3,oil_gas_field,00742.jpg,train
5,plane,00743.jpg,train
8,stadium,00744.jpg,train
3,oil_gas_field,00745.jpg,train
4,parking_lot,00746.jpg,train
6,runway_mark,00747.jpg,train
1,harbor,00748.jpg,train
8,stadium,00749.jpg,train
0,car,00750.jpg,train
0,car,00751.jpg,train
9,storage_tank,00752.jpg,train
1,harbor,00753.jpg,train
6,runway_mark,00754.jpg,train
9,storage_tank,00755.jpg,train
0,car,00756.jpg,train
7,ship,00757.jpg,train
5,plane,00758.jpg,train
6,runway_mark,00759.jpg,train
1,harbor,00760.jpg,train
1,harbor,00761.jpg,train
1,harbor,00762.jpg,train
4,parking_lot,00763.jpg,train
8,stadium,00764.jpg,train
0,car,00765.jpg,train
5,plane,00766.jpg,train
4,parking_lot,00767.jpg,train
7,ship,00768.jpg,train
4,parking_lot,00769.jpg,train
2,helicopter,00770.jpg,train
9,storage_tank,00771.jpg,train
7,ship,00772.jpg,train
7,ship,00773.jpg,train
7,ship,00774.jpg,train
0,car,00775.jpg,train
1,harbor,00776.jpg,train
9,storage_tank,00777.jpg,train
8,stadium,00778.jpg,train
1,harbor,00779.jpg,train
2,helicopter,00780.jpg,train
2,helicopter,00781.jpg,train
8,stadium,00782.jpg,train
2,helicopter,00783.jpg,train
2,helicopter,00784.jpg,train
4,parking_lot,00785.jpg,train
5,plane,00786.jpg,train
6,runway_mark,00787.jpg,train
7,ship,00788.jpg,train
5,plane,00789.jpg,train
3,oil_gas_field,00790.jpg,train
8,stadium,00791.jpg,train
0,car,00792.jpg,train
8,stadium,00793.jpg,train
3,oil_gas_field,00794.jpg,train
0,car,00795.jpg,train
9,storage_tank,00796.jpg,train
3,oil_gas_field,00797.jpg,train
0,car,00798.jpg,train
9,storage_tank,00799.jpg,train
8,stadium,00800.jpg,train
3,oil_gas_field,00801.jpg,train
9,storage_tank,00802.jpg,train
3,oil_gas_field,00803.jpg,train
3,oil_gas_field,00804.jpg,train
7,ship,00805.jpg,train
9,storage_tank,00806.jpg,train
6,runway_mark,00807.jpg,train
5,plane,00808.jpg,train
6,runway_mark,00809.jpg,train
3,oil_gas_field,00810.jpg,train
8,stadium,00811.jpg,train
5,plane,00812.jpg,train
4,parking_lot,00813.jpg,train
8,stadium,00814.jpg,train
8,stadium,00815.jpg,train
0,car,00816.jpg,train
6,runway_mark,00817.jpg,train
4,parking_lot,00818.jpg,train
5,plane,00819.jpg,train
0,car,00820.jpg,train
9,storage_tank,00821.jpg,train
7,ship,00822.jpg,train
1,harbor,00823.jpg,train
6,runway_mark,00824.jpg,train
8,stadium,00825.jpg,train
0,car,00826.jpg,train
5,plane,00827.jpg,train
4,parking_lot,00828.jpg,train
9,storage_tank,00829.jpg,train
4,parking_lot,00830.jpg,train
5,plane,00831.jpg,train
4,parking_lot,00832.jpg,train
9,storage_tank,00833.jpg,train
5,plane,00834.jpg,train
8,stadium,00835.jpg,train
3,oil_gas_field,00836.jpg,train
1,harbor,00837.jpg,train
8,stadium,00838.jpg,train
8,stadium,00839.jpg,train
7,ship,00840.jpg,train
2,helicopter,00841.jpg,train
4,parking_lot,00842.jpg,train
7,ship,00843.jpg,train
9,storage_tank,00844.jpg,train
8,stadium,00845.jpg,train
8,stadium,00846.jpg,train
9,storage_tank,00847.jpg,train
7,ship,00848.jpg,train
9,storage_tank,00849.jpg,train
8,stadium,00850.jpg,train
9,storage_tank,00851.jpg,train
7,ship,00852.jpg,train
1,harbor,00853.jpg,train
4,parking_lot,00854.jpg,train
7,ship,00855.jpg,train
4,parking_lot,00856.jpg,train
2,helicopter,00857.jpg,train
6,runway_mark,00858.jpg,train
6,runway_mark,00859.jpg,train
7,ship,00860.jpg,train
8,stadium,00861.jpg,train
3,oil_gas_field,00862.jpg,train
9,storage_tank,00863.jpg,train
0,car,00864.jpg,train
0,car,00865.jpg,train
9,storage_tank,00866.jpg,train
8,stadium,00867.jpg,train
0,car,00868.jpg,train
2,helicopter,00869.jpg,train
5,plane,00870.jpg,train
3,oil_gas_field,00871.jpg,train
2,helicopter,00872.jpg,train
7,ship,00873.jpg,train
2,helicopter,00874.jpg,train
6,runway_mark,00875.jpg,train
9,storage_tank,00876.jpg,train
4,parking_lot,00877.jpg,train
0,car,00878.jpg,train
3,oil_gas_field,00879.jpg,train
5,plane,00880.jpg,train
8,stadium,00881.jpg,train
3,oil_gas_field,00882.jpg,train
0,car,00883.jpg,train
1,harbor,00884.jpg,train
6,runway_mark,00885.jpg,train
5,plane,00886.jpg,train
8,stadium,00887.jpg,train
4,parking_lot,00888.jpg,train
1,harbor,00889.jpg,train
5,plane,00890.jpg,train
5,plane,00891.jpg,train
3,oil_gas_field,00892.jpg,train
8,stadium,00893.jpg,train
0,car,00894.jpg,train
2,helicopter,00895.jpg,train
6,runway_mark,00896.jpg,train
5,plane,00897.jpg,train
9,storage_tank,00898.jpg,train
2,helicopter,00899.jpg,train
3,oil_gas_field,00900.jpg,train
0,car,00901.jpg,train
1,harbor,00902.jpg,train
7,ship,00903.jpg,train
2,helicopter,00904.jpg,train
0,car,00905.jpg,train
4,parking_lot,00906.jpg,train
8,stadium,00907.jpg,train
8,stadium,00908.jpg,train
2,helicopter,00909.jpg,train
0,car,00910.jpg,train
6,runway_mark,00911.jpg,train
0,car,00912.jpg,train
2,helicopter,00913.jpg,train
5,plane,00914.jpg,train
3,oil_gas_field,00915.jpg,train
2,helicopter,00916.jpg,train
8,stadium,00917.jpg,train
1,harbor,00918.jpg,train
8,stadium,00919.jpg,train
8,stadium,00920.jpg,train
0,car,00921.jpg,train
0,car,00922.jpg,train
3,oil_gas_field,00923.jpg,train
1,harbor,00924.jpg,train
9,storage_tank,00925.jpg,train
0,car,00926.jpg,train
6,runway_mark,00927.jpg,train
4,parking_lot,00928.jpg,train
8,stadium,00929.jpg,train
0,car,00930.jpg,train
3,oil_gas_field,00931.jpg,train
6,runway_mark,00932.jpg,train
1,harbor,00933.jpg,train
4,parking_lot,00934.jpg,train
3,oil_gas_field,00935.jpg,train
2,helicopter,00936.jpg,train
2,helicopter,00937.jpg,train
7,ship,00938.jpg,train
5,plane,00939.jpg,train
0,car,00940.jpg,train
9,storage_tank,00941.jpg,train
0,car,00942.jpg,train
0,car,00943.jpg,train
9,storage_tank,00944.jpg,train
0,car,00945.jpg,train
9,storage_tank,00946.jpg,train
0,car,00947.jpg,train
2,helicopter,00948.jpg,train
0,car,00949.jpg,train
4,parking_lot,00950.jpg,train
7,ship,00951.jpg,train
5,plane,00952.jpg,train
4,parking_lot,00953.jpg,train
8,stadium,00954.jpg,train
6,runway_mark,00955.jpg,train
1,harbor,00956.jpg,train
5,plane,00957.jpg,train
5,plane,00958.jpg,train
4,parking_lot,00959.jpg,train
3,oil_gas_field,00960.jpg,train
1,harbor,00961.jpg,train
1,harbor,00962.jpg,train
5,plane,00963.jpg,train
8,stadium,00964.jpg,train
9,storage_tank,00965.jpg,train
1,harbor,00966.jpg,train
4,parking_lot,00967.jpg,train
3,oil_gas_field,00968.jpg,train
0,car,00969.jpg,train
1,harbor,00970.jpg,train
9,storage_tank,00971.jpg,train
0,car,00972.jpg,train
4,parking_lot,00973.jpg,train
3,oil_gas_field,00974.jpg,train
8,stadium,00975.jpg,train
0,car,00976.jpg,train
2,helicopter,00977.jpg,train
9,storage_tank,00978.jpg,train
8,stadium,00979.jpg,train
1,harbor,00980.jpg,train
5,plane,00981.jpg,train
3,oil_gas_field,00982.jpg,train
1,harbor,00983.jpg,train
0,car,00984.jpg,train
0,car,00985.jpg,train
3,oil_gas_field,00986.jpg,train
1,harbor,00987.jpg,train
8,stadium,00988.jpg,train
4,parking_lot,00989.jpg,train
4,parking_lot,00990.jpg,train
5,plane,00991.jpg,train
3,oil_gas_field,00992.jpg,train
8,stadium,00993.jpg,train
6,runway_mark,00994.jpg,train
8,stadium,00995.jpg,train
1,harbor,00996.jpg,train
6,runway_mark,00997.jpg,train
1,harbor,00998.jpg,train
8,stadium,00999.jpg,train
9,storage_tank,01000.jpg,train
1,harbor,01001.jpg,train
4,parking_lot,01002.jpg,train
0,car,01003.jpg,train
7,ship,01004.jpg,train
2,helicopter,01005.jpg,train
6,runway_mark,01006.jpg,train
1,harbor,01007.jpg,train
6,runway_mark,01008.jpg,train
5,plane,01009.jpg,train
8,stadium,01010.jpg,train
9,storage_tank,01011.jpg,train
4,parking_lot,01012.jpg,train
1,harbor,01013.jpg,train
3,oil_gas_field,01014.jpg,train
1,harbor,01015.jpg,train
3,oil_gas_field,01016.jpg,train
3,oil_gas_field,01017.jpg,train
3,oil_gas_field,01018.jpg,train
5,plane,01019.jpg,train
0,car,01020.jpg,train
5,plane,01021.jpg,train
2,helicopter,01022.jpg,train
0,car,01023.jpg,train
5,plane,01024.jpg,train
7,ship,01025.jpg,train
3,oil_gas_field,01026.jpg,train
2,helicopter,01027.jpg,train
8,stadium,01028.jpg,train
6,runway_mark,01029.jpg,train
4,parking_lot,01030.jpg,train
6,runway_mark,01031.jpg,train
3,oil_gas_field,01032.jpg,train
0,car,01033.jpg,train
3,oil_gas_field,01034.jpg,train
4,parking_lot,01035.jpg,train
8,stadium,01036.jpg,train
1,harbor,01037.jpg,train
3,oil_gas_field,01038.jpg,train
9,storage_tank,01039.jpg,train
2,helicopter,01040.jpg,train
8,stadium,01041.jpg,train
4,parking_lot,01042.jpg,train
7,ship,01043.jpg,train
7,ship,01044.jpg,train
1,harbor,01045.jpg,train
5,plane,01046.jpg,train
9,storage_tank,01047.jpg,train
3,oil_gas_field,01048.jpg,train
0,car,01049.jpg,train
3,oil_gas_field,01050.jpg,train
7,ship,01051.jpg,train
9,storage_tank,01052.jpg,train
5,plane,01053.jpg,train
6,runway_mark,01054.jpg,train
0,car,01055.jpg,train
8,stadium,01056.jpg,train
9,storage_tank,01057.jpg,train
1,harbor,01058.jpg,train
4,parking_lot,01059.jpg,train
3,oil_gas_field,01060.jpg,train
7,ship,01061.jpg,train
7,ship,01062.jpg,train
4,parking_lot,01063.jpg,train
3,oil_gas_field,01064.jpg,train
9,storage_tank,01065.jpg,train
7,ship,01066.jpg,train
9,storage_tank,01067.jpg,train
8,stadium,01068.jpg,train
0,car,01069.jpg,train
0,car,01070.jpg,train
9,storage_tank,01071.jpg,train
0,car,01072.jpg,train
1,harbor,01073.jpg,train
5,plane,01074.jpg,train
8,stadium,01075.jpg,train
3,oil_gas_field,01076.jpg,train
1,harbor,01077.jpg,train
3,oil_gas_field,01078.jpg,train
3,oil_gas_field,01079.jpg,train
9,storage_tank,01080.jpg,train
9,storage_tank,01081.jpg,train
6,runway_mark,01082.jpg,train
7,ship,01083.jpg,train
2,helicopter,01084.jpg,train
0,car,01085.jpg,train
9,storage_tank,01086.jpg,train
0,car,01087.jpg,train
1,harbor,01088.jpg,train
9,storage_tank,01089.jpg,train
0,car,01090.jpg,train
8,stadium,01091.jpg,train
5,plane,01092.jpg,train
6,runway_mark,01093.jpg,train
4,parking_lot,01094.jpg,train
1,harbor,01095.jpg,train
0,car,01096.jpg,train
9,storage_tank,01097.jpg,train
7,ship,01098.jpg,train
1,harbor,01099.jpg,train
5,plane,01100.jpg,train
9,storage_tank,01101.jpg,train
4,parking_lot,01102.jpg,train
6,runway_mark,01103.jpg,train
2,helicopter,01104.jpg,train
8,stadium,01105.jpg,train
4,parking_lot,01106.jpg,train
7,ship,01107.jpg,train
8,stadium,01108.jpg,train
1,harbor,01109.jpg,train
1,harbor,01110.jpg,train
0,car,01111.jpg,train
5,plane,01112.jpg,train
9,storage_tank,01113.jpg,train
3,oil_gas_field,01114.jpg,train
9,storage_tank,01115.jpg,train
4,parking_lot,01116.jpg,train
9,storage_tank,01117.jpg,train
9,storage_tank,01118.jpg,train
0,car,01119.jpg,train
6,runway_mark,01120.jpg,train
6,runway_mark,01121.jpg,train
7,ship,01122.jpg,train
0,car,01123.jpg,train
8,stadium,01124.jpg,train
1,harbor,01125.jpg,train
0,car,01126.jpg,train
0,car,01127.jpg,train
5,plane,01128.jpg,train
2,helicopter,01129.jpg,train
9,storage_tank,01130.jpg,train
5,plane,01131.jpg,train
8,stadium,01132.jpg,train
2,helicopter,01133.jpg,train
3,oil_gas_field,01134.jpg,train
7,ship,01135.jpg,train
5,plane,01136.jpg,train
1,harbor,01137.jpg,train
3,oil_gas_field,01138.jpg,train
3,oil_gas_field,01139.jpg,train
0,car,01140.jpg,train
3,oil_gas_field,01141.jpg,train
0,car,01142.jpg,train
9,storage_tank,01143.jpg,train
2,helicopter,01144.jpg,train
1,harbor,01145.jpg,train
7,ship,01146.jpg,train
8,stadium,01147.jpg,train
3,oil_gas_field,01148.jpg,train
0,car,01149.jpg,train
2,helicopter,01150.jpg,train
9,storage_tank,01151.jpg,train
8,stadium,01152.jpg,train
6,runway_mark,01153.jpg,train
4,parking_lot,01154.jpg,train
1,harbor,01155.jpg,train
8,stadium,01156.jpg,train
4,parking_lot,01157.jpg,train
3,oil_gas_field,01158.jpg,train
2,helicopter,01159.jpg,train
5,plane,01160.jpg,train
9,storage_tank,01161.jpg,train
4,parking_lot,01162.jpg,train
6,runway_mark,01163.jpg,train
9,storage_tank,01164.jpg,train
5,plane,01165.jpg,train
7,ship,01166.jpg,train
3,oil_gas_field,01167.jpg,train
9,storage_tank,01168.jpg,train
2,helicopter,01169.jpg,train
6,runway_mark,01170.jpg,train
7,ship,01171.jpg,train
8,stadium,01172.jpg,train
7,ship,01173.jpg,train
4,parking_lot,01174.jpg,train
2,helicopter,01175.jpg,train
6,runway_mark,01176.jpg,train
8,stadium,01177.jpg,train
5,plane,01178.jpg,train
5,plane,01179.jpg,train
4,parking_lot,01180.jpg,train
6,runway_mark,01181.jpg,train
7,ship,01182.jpg,train
1,harbor,01183.jpg,train
3,oil_gas_field,01184.jpg,train
8,stadium,01185.jpg,train
8,stadium,01186.jpg,train
7,ship,01187.jpg,train
3,oil_gas_field,01188.jpg,train
1,harbor,01189.jpg,train
5,plane,01190.jpg,train
8,stadium,01191.jpg,train
7,ship,01192.jpg,train
3,oil_gas_field,01193.jpg,train
6,runway_mark,01194.jpg,train
9,storage_tank,01195.jpg,train
0,car,01196.jpg,train
7,ship,01197.jpg,train
0,car,01198.jpg,train
0,car,01199.jpg,train
2,helicopter,01200.jpg,train
4,parking_lot,01201.jpg,train
8,stadium,01202.jpg,train
5,plane,01203.jpg,train
7,ship,01204.jpg,train
8,stadium,01205.jpg,train
4,parking_lot,01206.jpg,train
5,plane,01207.jpg,train
3,oil_gas_field,01208.jpg,train
0,car,01209.jpg,train
5,plane,01210.jpg,train
5,plane,01211.jpg,train
1,harbor,01212.jpg,train
8,stadium,01213.jpg,train
2,helicopter,01214.jpg,train
8,stadium,01215.jpg,train
9,storage_tank,01216.jpg,train
3,oil_gas_field,01217.jpg,train
6,runway_mark,01218.jpg,train
6,runway_mark,01219.jpg,train
5,plane,01220.jpg,train
3,oil_gas_field,01221.jpg,train
6,runway_mark,01222.jpg,train
6,runway_mark,01223.jpg,train
4,parking_lot,01224.jpg,train
5,plane,01225.jpg,train
4,parking_lot,01226.jpg,train
7,ship,01227.jpg,train
5,plane,01228.jpg,train
3,oil_gas_field,01229.jpg,train
7,ship,01230.jpg,train
8,stadium,01231.jpg,train
0,car,01232.jpg,train
0,car,01233.jpg,train
0,car,01234.jpg,train
9,storage_tank,01235.jpg,train
7,ship,01236.jpg,train
9,storage_tank,01237.jpg,train
6,runway_mark,01238.jpg,train
4,parking_lot,01239.jpg,train
5,plane,01240.jpg,train
9,storage_tank,01241.jpg,train
2,helicopter,01242.jpg,train
0,car,01243.jpg,train
1,harbor,01244.jpg,train
1,harbor,01245.jpg,train
8,stadium,01246.jpg,train
7,ship,01247.jpg,train
7,ship,01248.jpg,train
8,stadium,01249.jpg,train
4,parking_lot,01250.jpg,train
9,storage_tank,01251.jpg,train
1,harbor,01252.jpg,train
8,stadium,01253.jpg,train
8,stadium,01254.jpg,train
8,stadium,01255.jpg,train
8,stadium,01256.jpg,train
7,ship,01257.jpg,train
3,oil_gas_field,01258.jpg,train
8,stadium,01259.jpg,train
2,helicopter,01260.jpg,train
5,plane,01261.jpg,train
4,parking_lot,01262.jpg,train
5,plane,01263.jpg,train
2,helicopter,01264.jpg,train
0,car,01265.jpg,train
4,parking_lot,01266.jpg,train
3,oil_gas_field,01267.jpg,train
5,plane,01268.jpg,train
1,harbor,01269.jpg,train
8,stadium,01270.jpg,train
7,ship,01271.jpg,train
6,runway_mark,01272.jpg,train
1,harbor,01273.jpg,train
4,parking_lot,01274.jpg,train
6,runway_mark,01275.jpg,train
3,oil_gas_field,01276.jpg,train
0,car,01277.jpg,train
2,helicopter,01278.jpg,train
2,helicopter,01279.jpg,train
4,parking_lot,01280.jpg,train
3,oil_gas_field,01281.jpg,train
5,plane,01282.jpg,train
0,car,01283.jpg,train
0,car,01284.jpg,train
9,storage_tank,01285.jpg,train
6,runway_mark,01286.jpg,train
9,storage_tank,01287.jpg,train
8,stadium,01288.jpg,train
1,harbor,01289.jpg,train
8,stadium,01290.jpg,train
0,car,01291.jpg,train
9,storage_tank,01292.jpg,train
2,helicopter,01293.jpg,train
5,plane,01294.jpg,train
0,car,01295.jpg,train
9,storage_tank,01296.jpg,train
0,car,01297.jpg,train
0,car,01298.jpg,train
6,runway_mark,01299.jpg,train
4,parking_lot,01300.jpg,train
2,helicopter,01301.jpg,train
8,stadium,01302.jpg,train
0,car,01303.jpg,train
3,oil_gas_field,01304.jpg,train
4,parking_lot,01305.jpg,train
6,runway_mark,01306.jpg,train
6,runway_mark,01307.jpg,train
4,parking_lot,01308.jpg,train
3,oil_gas_field,01309.jpg,train
1,harbor,01310.jpg,train
1,harbor,01311.jpg,train
1,harbor,01312.jpg,train
8,stadium,01313.jpg,train
4,parking_lot,01314.jpg,train
8,stadium,01315.jpg,train
1,harbor,01316.jpg,train
2,helicopter,01317.jpg,train
0,car,01318.jpg,train
2,helicopter,01319.jpg,train
7,ship,01320.jpg,train
0,car,01321.jpg,train
8,stadium,01322.jpg,train
6,runway_mark,01323.jpg,train
9,storage_tank,01324.jpg,train
3,oil_gas_field,01325.jpg,train
7,ship,01326.jpg,train
5,plane,01327.jpg,train
2,helicopter,01328.jpg,train
2,helicopter,01329.jpg,train
2,helicopter,01330.jpg,train
6,runway_mark,01331.jpg,train
4,parking_lot,01332.jpg,train
3,oil_gas_field,01333.jpg,train
4,parking_lot,01334.jpg,train
3,oil_gas_field,01335.jpg,train
1,harbor,01336.jpg,train
6,runway_mark,01337.jpg,train
4,parking_lot,01338.jpg,train
9,storage_tank,01339.jpg,train
8,stadium,01340.jpg,train
5,plane,01341.jpg,train
7,ship,01342.jpg,train
8,stadium,01343.jpg,train
1,harbor,01344.jpg,train
1,harbor,01345.jpg,train
7,ship,01346.jpg,train
3,oil_gas_field,01347.jpg,train
7,ship,01348.jpg,train
9,storage_tank,01349.jpg,train
7,ship,01350.jpg,train
3,oil_gas_field,01351.jpg,train
1,harbor,01352.jpg,train
4,parking_lot,01353.jpg,train
5,plane,01354.jpg,train
0,car,01355.jpg,train
1,harbor,01356.jpg,train
6,runway_mark,01357.jpg,train
0,car,01358.jpg,train
3,oil_gas_field,01359.jpg,train
4,parking_lot,01360.jpg,train
3,oil_gas_field,01361.jpg,train
1,harbor,01362.jpg,train
0,car,01363.jpg,train
5,plane,01364.jpg,train
9,storage_tank,01365.jpg,train
5,plane,01366.jpg,train
4,parking_lot,01367.jpg,train
5,plane,01368.jpg,train
4,parking_lot,01369.jpg,train
3,oil_gas_field,01370.jpg,train
6,runway_mark,01371.jpg,train
1,harbor,01372.jpg,train
3,oil_gas_field,01373.jpg,train
4,parking_lot,01374.jpg,train
0,car,01375.jpg,train
7,ship,01376.jpg,train
5,plane,01377.jpg,train
4,parking_lot,01378.jpg,train
0,car,01379.jpg,train
8,stadium,01380.jpg,train
5,plane,01381.jpg,train
5,plane,01382.jpg,train
6,runway_mark,01383.jpg,train
4,parking_lot,01384.jpg,train
1,harbor,01385.jpg,train
1,harbor,01386.jpg,train
4,parking_lot,01387.jpg,train
2,helicopter,01388.jpg,train
6,runway_mark,01389.jpg,train
9,storage_tank,01390.jpg,train
9,storage_tank,01391.jpg,train
4,parking_lot,01392.jpg,train
5,plane,01393.jpg,train
6,runway_mark,01394.jpg,train
8,stadium,01395.jpg,train
8,stadium,01396.jpg,train
1,harbor,01397.jpg,train
5,plane,01398.jpg,train
0,car,01399.jpg,train
8,stadium,01400.jpg,train
4,parking_lot,01401.jpg,train
7,ship,01402.jpg,train
1,harbor,01403.jpg,train
2,helicopter,01404.jpg,train
5,plane,01405.jpg,train
6,runway_mark,01406.jpg,train
5,plane,01407.jpg,train
9,storage_tank,01408.jpg,train
1,harbor,01409.jpg,train
4,parking_lot,01410.jpg,train
5,plane,01411.jpg,train
0,car,01412.jpg,train
8,stadium,01413.jpg,train
7,ship,01414.jpg,train
3,oil_gas_field,01415.jpg,train
8,stadium,01416.jpg,train
3,oil_gas_field,01417.jpg,train
9,storage_tank,01418.jpg,train
7,ship,01419.jpg,train
7,ship,01420.jpg,train
5,plane,01421.jpg,train
3,oil_gas_field,01422.jpg,train
0,car,01423.jpg,train
1,harbor,01424.jpg,train
9,storage_tank,01425.jpg,train
4,parking_lot,01426.jpg,train
1,harbor,01427.jpg,train
2,helicopter,01428.jpg,train
0,car,01429.jpg,train
9,storage_tank,01430.jpg,train
9,storage_tank,01431.jpg,train
0,car,01432.jpg,train
2,helicopter,01433.jpg,train
9,storage_tank,01434.jpg,train
2,helicopter,01435.jpg,train
1,harbor,01436.jpg,train
6,runway_mark,01437.jpg,train
5,plane,01438.jpg,train
9,storage_tank,01439.jpg,train
4,parking_lot,01440.jpg,train
4,parking_lot,01441.jpg,train
0,car,01442.jpg,train
5,plane,01443.jpg,train
6,runway_mark,01444.jpg,train
3,oil_gas_field,01445.jpg,train
5,plane,01446.jpg,train
1,harbor,01447.jpg,train
1,harbor,01448.jpg,train
8,stadium,01449.jpg,train
6,runway_mark,01450.jpg,train
0,car,01451.jpg,train
0,car,01452.jpg,train
9,storage_tank,01453.jpg,train
2,helicopter,01454.jpg,train
9,storage_tank,01455.jpg,train
5,plane,01456.jpg,train
8,stadium,01457.jpg,train
2,helicopter,01458.jpg,train
8,stadium,01459.jpg,train
9,storage_tank,01460.jpg,train
1,harbor,01461.jpg,train
2,helicopter,01462.jpg,train
5,plane,01463.jpg,train
3,oil_gas_field,01464.jpg,train
5,plane,01465.jpg,train
4,parking_lot,01466.jpg,train
1,harbor,01467.jpg,train
0,car,01468.jpg,train
3,oil_gas_field,01469.jpg,train
3,oil_gas_field,01470.jpg,train
7,ship,01471.jpg,train
1,harbor,01472.jpg,train
9,storage_tank,01473.jpg,train
5,plane,01474.jpg,train
3,oil_gas_field,01475.jpg,train
8,stadium,01476.jpg,train
0,car,01477.jpg,train
4,parking_lot,01478.jpg,train
1,harbor,01479.jpg,train
1,harbor,01480.jpg,train
7,ship,01481.jpg,train
5,plane,01482.jpg,train
6,runway_mark,01483.jpg,train
1,harbor,01484.jpg,train
0,car,01485.jpg,train
5,plane,01486.jpg,train
9,storage_tank,01487.jpg,train
1,harbor,01488.jpg,train
3,oil_gas_field,01489.jpg,train
7,ship,01490.jpg,train
8,stadium,01491.jpg,train
1,harbor,01492.jpg,train
4,parking_lot,01493.jpg,train
4,parking_lot,01494.jpg,train
3,oil_gas_field,01495.jpg,train
1,harbor,01496.jpg,train
5,plane,01497.jpg,train
0,car,01498.jpg,train
5,plane,01499.jpg,train
3,oil_gas_field,01500.jpg,train
6,runway_mark,01501.jpg,train
0,car,01502.jpg,train
5,plane,01503.jpg,train
0,car,01504.jpg,train
4,parking_lot,01505.jpg,train
8,stadium,01506.jpg,train
0,car,01507.jpg,train
5,plane,01508.jpg,train
0,car,01509.jpg,train
6,runway_mark,01510.jpg,train
1,harbor,01511.jpg,train
6,runway_mark,01512.jpg,train
0,car,01513.jpg,train
6,runway_mark,01514.jpg,train
1,harbor,01515.jpg,train
0,car,01516.jpg,train
5,plane,01517.jpg,train
7,ship,01518.jpg,train
6,runway_mark,01519.jpg,train
6,runway_mark,01520.jpg,train
8,stadium,01521.jpg,train
2,helicopter,01522.jpg,train
4,parking_lot,01523.jpg,train
9,storage_tank,01524.jpg,train
0,car,01525.jpg,train
0,car,01526.jpg,train
0,car,01527.jpg,train
7,ship,01528.jpg,train
4,parking_lot,01529.jpg,train
8,stadium,01530.jpg,train
5,plane,01531.jpg,train
6,runway_mark,01532.jpg,train
6,runway_mark,01533.jpg,train
4,parking_lot,01534.jpg,train
0,car,01535.jpg,train
5,plane,01536.jpg,train
7,ship,01537.jpg,train
6,runway_mark,01538.jpg,train
5,plane,01539.jpg,train
9,storage_tank,01540.jpg,train
9,storage_tank,01541.jpg,train
7,ship,01542.jpg,train
1,harbor,01543.jpg,train
3,oil_gas_field,01544.jpg,train
5,plane,01545.jpg,train
6,runway_mark,01546.jpg,train
0,car,01547.jpg,train
7,ship,01548.jpg,train
2,helicopter,01549.jpg,train
7,ship,01550.jpg,train
3,oil_gas_field,01551.jpg,train
1,harbor,01552.jpg,train
8,stadium,01553.jpg,train
7,ship,01554.jpg,train
8,stadium,01555.jpg,train
9,storage_tank,01556.jpg,train
0,car,01557.jpg,train
3,oil_gas_field,01558.jpg,train
3,oil_gas_field,01559.jpg,train
8,stadium,01560.jpg,train
5,plane,01561.jpg,train
9,storage_tank,01562.jpg,train
5,plane,01563.jpg,train
6,runway_mark,01564.jpg,train
0,car,01565.jpg,train
9,storage_tank,01566.jpg,train
8,stadium,01567.jpg,train
2,helicopter,01568.jpg,train
3,oil_gas_field,01569.jpg,train
8,stadium,01570.jpg,train
4,parking_lot,01571.jpg,train
3,oil_gas_field,01572.jpg,train
5,plane,01573.jpg,train
7,ship,01574.jpg,train
7,ship,01575.jpg,train
5,plane,01576.jpg,train
2,helicopter,01577.jpg,train
1,harbor,01578.jpg,train
7,ship,01579.jpg,train
0,car,01580.jpg,train
1,harbor,01581.jpg,train
9,storage_tank,01582.jpg,train
1,harbor,01583.jpg,train
1,harbor,01584.jpg,train
8,stadium,01585.jpg,train
5,plane,01586.jpg,train
6,runway_mark,01587.jpg,train
8,stadium,01588.jpg,train
5,plane,01589.jpg,train
4,parking_lot,01590.jpg,train
3,oil_gas_field,01591.jpg,train
9,storage_tank,01592.jpg,train
4,parking_lot,01593.jpg,train
9,storage_tank,01594.jpg,train
1,harbor,01595.jpg,train
0,car,01596.jpg,train
1,harbor,01597.jpg,train
8,stadium,01598.jpg,train
9,storage_tank,01599.jpg,train
0,car,01600.jpg,train
3,oil_gas_field,01601.jpg,train
9,storage_tank,01602.jpg,train
3,oil_gas_field,01603.jpg,train
4,parking_lot,01604.jpg,train
4,parking_lot,01605.jpg,train
5,plane,01606.jpg,train
7,ship,01607.jpg,train
3,oil_gas_field,01608.jpg,train
9,storage_tank,01609.jpg,train
7,ship,01610.jpg,train
7,ship,01611.jpg,train
6,runway_mark,01612.jpg,train
2,helicopter,01613.jpg,train
5,plane,01614.jpg,train
5,plane,01615.jpg,train
9,storage_tank,01616.jpg,train
1,harbor,01617.jpg,train
7,ship,01618.jpg,train
4,parking_lot,01619.jpg,train
6,runway_mark,01620.jpg,train
7,ship,01621.jpg,train
9,storage_tank,01622.jpg,train
6,runway_mark,01623.jpg,train
7,ship,01624.jpg,train
2,helicopter,01625.jpg,train
9,storage_tank,01626.jpg,train
0,car,01627.jpg,train
8,stadium,01628.jpg,train
6,runway_mark,01629.jpg,train
0,car,01630.jpg,train
5,plane,01631.jpg,train
1,harbor,01632.jpg,train
7,ship,01633.jpg,train
0,car,01634.jpg,train
6,runway_mark,01635.jpg,train
0,car,01636.jpg,train
8,stadium,01637.jpg,train
9,storage_tank,01638.jpg,train
3,oil_gas_field,01639.jpg,train
7,ship,01640.jpg,train
3,oil_gas_field,01641.jpg,train
6,runway_mark,01642.jpg,train
6,runway_mark,01643.jpg,train
5,plane,01644.jpg,train
2,helicopter,01645.jpg,train
5,plane,01646.jpg,train
6,runway_mark,01647.jpg,train
5,plane,01648.jpg,train
6,runway_mark,01649.jpg,train
3,oil_gas_field,01650.jpg,train
7,ship,01651.jpg,train
0,car,01652.jpg,train
8,stadium,01653.jpg,train
4,parking_lot,01654.jpg,train
7,ship,01655.jpg,train
6,runway_mark,01656.jpg,train
8,stadium,01657.jpg,train
9,storage_tank,01658.jpg,train
3,oil_gas_field,01659.jpg,train
0,car,01660.jpg,train
8,stadium,01661.jpg,train
2,helicopter,01662.jpg,train
0,car,01663.jpg,train
3,oil_gas_field,01664.jpg,train
2,helicopter,01665.jpg,train
1,harbor,01666.jpg,train
9,storage_tank,01667.jpg,train
3,oil_gas_field,01668.jpg,train
8,stadium,01669.jpg,train
0,car,01670.jpg,train
4,parking_lot,01671.jpg,train
5,plane,01672.jpg,train
4,parking_lot,01673.jpg,train
1,harbor,01674.jpg,train
2,helicopter,01675.jpg,train
0,car,01676.jpg,train
8,stadium,01677.jpg,train
3,oil_gas_field,01678.jpg,train
6,runway_mark,01679.jpg,train
2,helicopter,01680.jpg,train
3,oil_gas_field,01681.jpg,train
3,oil_gas_field,01682.jpg,train
6,runway_mark,01683.jpg,train
6,runway_mark,01684.jpg,train
7,ship,01685.jpg,train
4,parking_lot,01686.jpg,train
6,runway_mark,01687.jpg,train
7,ship,01688.jpg,train
8,stadium,01689.jpg,train
4,parking_lot,01690.jpg,train
4,parking_lot,01691.jpg,train
0,car,01692.jpg,train
7,ship,01693.jpg,train
3,oil_gas_field,01694.jpg,train
8,stadium,01695.jpg,train
5,plane,01696.jpg,train
4,parking_lot,01697.jpg,train
2,helicopter,01698.jpg,train
8,stadium,01699.jpg,train
7,ship,01700.jpg,train
8,stadium,01701.jpg,train
9,storage_tank,01702.jpg,train
3,oil_gas_field,01703.jpg,train
2,helicopter,01704.jpg,train
0,car,01705.jpg,train
4,parking_lot,01706.jpg,train
9,storage_tank,01707.jpg,train
1,harbor,01708.jpg,train
3,oil_gas_field,01709.jpg,train
6,runway_mark,01710.jpg,train
9,storage_tank,01711.jpg,train
2,helicopter,01712.jpg,train
3,oil_gas_field,01713.jpg,train
5,plane,01714.jpg,train
0,car,01715.jpg,train
1,harbor,01716.jpg,train
0,car,01717.jpg,train
5,plane,01718.jpg,train
8,stadium,01719.jpg,train
2,helicopter,01720.jpg,train
9,storage_tank,01721.jpg,train
7,ship,01722.jpg,train
0,car,01723.jpg,train
5,plane,01724.jpg,train
3,oil_gas_field,01725.jpg,train
4,parking_lot,01726.jpg,train
7,ship,01727.jpg,train
8,stadium,01728.jpg,train
8,stadium,01729.jpg,train
4,parking_lot,01730.jpg,train
0,car,01731.jpg,train
9,storage_tank,01732.jpg,train
2,helicopter,01733.jpg,train
8,stadium,01734.jpg,train
5,plane,01735.jpg,train
5,plane,01736.jpg,train
1,harbor,01737.jpg,train
8,stadium,01738.jpg,train
7,ship,01739.jpg,train
8,stadium,01740.jpg,train
6,runway_mark,01741.jpg,train
7,ship,01742.jpg,train
1,harbor,01743.jpg,train
7,ship,01744.jpg,train
6,runway_mark,01745.jpg,train
8,stadium,01746.jpg,train
0,car,01747.jpg,train
6,runway_mark,01748.jpg,train
1,harbor,01749.jpg,train
8,stadium,01750.jpg,train
5,plane,01751.jpg,train
1,harbor,01752.jpg,train
8,stadium,01753.jpg,train
1,harbor,01754.jpg,train
7,ship,01755.jpg,train
9,storage_tank,01756.jpg,train
1,harbor,01757.jpg,train
9,storage_tank,01758.jpg,train
6,runway_mark,01759.jpg,train
3,oil_gas_field,01760.jpg,train
5,plane,01761.jpg,train
3,oil_gas_field,01762.jpg,train
4,parking_lot,01763.jpg,train
5,plane,01764.jpg,train
4,parking_lot,01765.jpg,train
5,plane,01766.jpg,train
3,oil_gas_field,01767.jpg,train
6,runway_mark,01768.jpg,train
4,parking_lot,01769.jpg,train
0,car,01770.jpg,train
7,ship,01771.jpg,train
7,ship,01772.jpg,train
1,harbor,01773.jpg,train
8,stadium,01774.jpg,train
4,parking_lot,01775.jpg,train
0,car,01776.jpg,train
5,plane,01777.jpg,train
7,ship,01778.jpg,train
4,parking_lot,01779.jpg,train
6,runway_mark,01780.jpg,train
8,stadium,01781.jpg,train
9,storage_tank,01782.jpg,train
6,runway_mark,01783.jpg,train
3,oil_gas_field,01784.jpg,train
3,oil_gas_field,01785.jpg,train
2,helicopter,01786.jpg,train
8,stadium,01787.jpg,train
5,plane,01788.jpg,train
9,storage_tank,01789.jpg,train
3,oil_gas_field,01790.jpg,train
5,plane,01791.jpg,train
2,helicopter,01792.jpg,train
9,storage_tank,01793.jpg,train
8,stadium,01794.jpg,train
6,runway_mark,01795.jpg,train
4,parking_lot,01796.jpg,train
3,oil_gas_field,01797.jpg,train
1,harbor,01798.jpg,train
8,stadium,01799.jpg,train
5,plane,01800.jpg,train
0,car,01801.jpg,train
6,runway_mark,01802.jpg,train
4,parking_lot,01803.jpg,train
6,runway_mark,01804.jpg,train
1,harbor,01805.jpg,train
6,runway_mark,01806.jpg,train
8,stadium,01807.jpg,train
3,oil_gas_field,01808.jpg,train
5,plane,01809.jpg,train
9,storage_tank,01810.jpg,train
2,helicopter,01811.jpg,train
7,ship,01812.jpg,train
3,oil_gas_field,01813.jpg,train
3,oil_gas_field,01814.jpg,train
5,plane,01815.jpg,train
5,plane,01816.jpg,train
1,harbor,01817.jpg,train
0,car,01818.jpg,train
2,helicopter,01819.jpg,train
5,plane,01820.jpg,train
5,plane,01821.jpg,train
8,stadium,01822.jpg,train
3,oil_gas_field,01823.jpg,train
7,ship,01824.jpg,train
3,oil_gas_field,01825.jpg,train
2,helicopter,01826.jpg,train
8,stadium,01827.jpg,train
5,plane,01828.jpg,train
9,storage_tank,01829.jpg,train
1,harbor,01830.jpg,train
4,parking_lot,01831.jpg,train
1,harbor,01832.jpg,train
8,stadium,01833.jpg,train
6,runway_mark,01834.jpg,train
9,storage_tank,01835.jpg,train
4,parking_lot,01836.jpg,train
9,storage_tank,01837.jpg,train
7,ship,01838.jpg,train
8,stadium,01839.jpg,train
6,runway_mark,01840.jpg,train
4,parking_lot,01841.jpg,train
4,parking_lot,01842.jpg,train
4,parking_lot,01843.jpg,train
6,runway_mark,01844.jpg,train
3,oil_gas_field,01845.jpg,train
0,car,01846.jpg,train
9,storage_tank,01847.jpg,train
1,harbor,01848.jpg,train
0,car,01849.jpg,train
2,helicopter,01850.jpg,train
6,runway_mark,01851.jpg,train
0,car,01852.jpg,train
3,oil_gas_field,01853.jpg,train
2,helicopter,01854.jpg,train
7,ship,01855.jpg,train
7,ship,01856.jpg,train
9,storage_tank,01857.jpg,train
0,car,01858.jpg,train
5,plane,01859.jpg,train
2,helicopter,01860.jpg,train
7,ship,01861.jpg,train
5,plane,01862.jpg,train
7,ship,01863.jpg,train
5,plane,01864.jpg,train
7,ship,01865.jpg,train
9,storage_tank,01866.jpg,train
1,harbor,01867.jpg,train
5,plane,01868.jpg,train
9,storage_tank,01869.jpg,train
1,harbor,01870.jpg,train
8,stadium,01871.jpg,train
5,plane,01872.jpg,train
9,storage_tank,01873.jpg,train
8,stadium,01874.jpg,train
6,runway_mark,01875.jpg,train
1,harbor,01876.jpg,train
4,parking_lot,01877.jpg,train
4,parking_lot,01878.jpg,train
4,parking_lot,01879.jpg,train
8,stadium,01880.jpg,train
0,car,01881.jpg,train
3,oil_gas_field,01882.jpg,train
5,plane,01883.jpg,train
8,stadium,01884.jpg,train
7,ship,01885.jpg,train
5,plane,01886.jpg,train
4,parking_lot,01887.jpg,train
0,car,01888.jpg,train
0,car,01889.jpg,train
4,parking_lot,01890.jpg,train
8,stadium,01891.jpg,train
4,parking_lot,01892.jpg,train
8,stadium,01893.jpg,train
5,plane,01894.jpg,train
7,ship,01895.jpg,train
9,storage_tank,01896.jpg,train
7,ship,01897.jpg,train
3,oil_gas_field,01898.jpg,train
8,stadium,01899.jpg,train
2,helicopter,01900.jpg,train
2,helicopter,01901.jpg,train
6,runway_mark,01902.jpg,train
9,storage_tank,01903.jpg,train
6,runway_mark,01904.jpg,train
1,harbor,01905.jpg,train
8,stadium,01906.jpg,train
6,runway_mark,01907.jpg,train
5,plane,01908.jpg,train
3,oil_gas_field,01909.jpg,train
7,ship,01910.jpg,train
2,helicopter,01911.jpg,train
4,parking_lot,01912.jpg,train
1,harbor,01913.jpg,train
1,harbor,01914.jpg,train
2,helicopter,01915.jpg,train
2,helicopter,01916.jpg,train
6,runway_mark,01917.jpg,train
7,ship,01918.jpg,train
8,stadium,01919.jpg,train
8,stadium,01920.jpg,train
9,storage_tank,01921.jpg,train
6,runway_mark,01922.jpg,train
9,storage_tank,01923.jpg,train
0,car,01924.jpg,train
8,stadium,01925.jpg,train
3,oil_gas_field,01926.jpg,train
8,stadium,01927.jpg,train
0,car,01928.jpg,train
0,car,01929.jpg,train
3,oil_gas_field,01930.jpg,train
3,oil_gas_field,01931.jpg,train
1,harbor,01932.jpg,train
0,car,01933.jpg,train
5,plane,01934.jpg,train
8,stadium,01935.jpg,train
9,storage_tank,01936.jpg,train
6,runway_mark,01937.jpg,train
2,helicopter,01938.jpg,train
8,stadium,01939.jpg,train
1,harbor,01940.jpg,train
5,plane,01941.jpg,train
8,stadium,01942.jpg,train
9,storage_tank,01943.jpg,train
6,runway_mark,01944.jpg,train
7,ship,01945.jpg,train
8,stadium,01946.jpg,train
3,oil_gas_field,01947.jpg,train
9,storage_tank,01948.jpg,train
4,parking_lot,01949.jpg,train
0,car,01950.jpg,train
4,parking_lot,01951.jpg,train
4,parking_lot,01952.jpg,train
0,car,01953.jpg,train
1,harbor,01954.jpg,train
3,oil_gas_field,01955.jpg,train
4,parking_lot,01956.jpg,train
6,runway_mark,01957.jpg,train
5,plane,01958.jpg,train
6,runway_mark,01959.jpg,train
7,ship,01960.jpg,train
4,parking_lot,01961.jpg,train
6,runway_mark,01962.jpg,train
8,stadium,01963.jpg,train
9,storage_tank,01964.jpg,train
7,ship,01965.jpg,train
0,car,01966.jpg,train
2,helicopter,01967.jpg,train
2,helicopter,01968.jpg,train
2,helicopter,01969.jpg,train
6,runway_mark,01970.jpg,train
9,storage_tank,01971.jpg,train
7,ship,01972.jpg,train
6,runway_mark,01973.jpg,train
8,stadium,01974.jpg,train
6,runway_mark,01975.jpg,train
3,oil_gas_field,01976.jpg,train
1,harbor,01977.jpg,train
3,oil_gas_field,01978.jpg,train
7,ship,01979.jpg,train
5,plane,01980.jpg,train
7,ship,01981.jpg,train
9,storage_tank,01982.jpg,train
0,car,01983.jpg,train
8,stadium,01984.jpg,train
0,car,01985.jpg,train
3,oil_gas_field,01986.jpg,train
7,ship,01987.jpg,train
0,car,01988.jpg,train
8,stadium,01989.jpg,train
7,ship,01990.jpg,train
9,storage_tank,01991.jpg,train
5,plane,01992.jpg,train
2,helicopter,01993.jpg,train
7,ship,01994.jpg,train
8,stadium,01995.jpg,train
6,runway_mark,01996.jpg,train
8,stadium,01997.jpg,train
3,oil_gas_field,01998.jpg,train
3,oil_gas_field,01999.jpg,train
5,plane,02000.jpg,train
5,plane,02001.jpg,train
3,oil_gas_field,02002.jpg,train
0,car,02003.jpg,train
4,parking_lot,02004.jpg,train
9,storage_tank,02005.jpg,train
3,oil_gas_field,02006.jpg,train
9,storage_tank,02007.jpg,train
2,helicopter,02008.jpg,train
8,stadium,02009.jpg,train
2,helicopter,02010.jpg,train
3,oil_gas_field,02011.jpg,train
2,helicopter,02012.jpg,train
8,stadium,02013.jpg,train
9,storage_tank,02014.jpg,train
3,oil_gas_field,02015.jpg,train
5,plane,02016.jpg,train
8,stadium,02017.jpg,train
0,car,02018.jpg,train
8,stadium,02019.jpg,train
5,plane,02020.jpg,train
2,helicopter,02021.jpg,train
5,plane,02022.jpg,train
3,oil_gas_field,02023.jpg,train
7,ship,02024.jpg,train
3,oil_gas_field,02025.jpg,train
0,car,02026.jpg,train
7,ship,02027.jpg,train
0,car,02028.jpg,train
5,plane,02029.jpg,train
1,harbor,02030.jpg,train
5,plane,02031.jpg,train
0,car,02032.jpg,train
2,helicopter,02033.jpg,train
6,runway_mark,02034.jpg,train
3,oil_gas_field,02035.jpg,train
0,car,02036.jpg,train
9,storage_tank,02037.jpg,train
0,car,02038.jpg,train
3,oil_gas_field,02039.jpg,train
6,runway_mark,02040.jpg,train
2,helicopter,02041.jpg,train
2,helicopter,02042.jpg,train
6,runway_mark,02043.jpg,train
8,stadium,02044.jpg,train
5,plane,02045.jpg,train
6,runway_mark,02046.jpg,train
3,oil_gas_field,02047.jpg,train
4,parking_lot,02048.jpg,train
0,car,02049.jpg,train
7,ship,02050.jpg,train
5,plane,02051.jpg,train
0,car,02052.jpg,train
5,plane,02053.jpg,train
8,stadium,02054.jpg,train
7,ship,02055.jpg,train
5,plane,02056.jpg,train
0,car,02057.jpg,train
7,ship,02058.jpg,train
4,parking_lot,02059.jpg,train
8,stadium,02060.jpg,train
3,oil_gas_field,02061.jpg,train
5,plane,02062.jpg,train
2,helicopter,02063.jpg,train
5,plane,02064.jpg,train
8,stadium,02065.jpg,train
1,harbor,02066.jpg,train
8,stadium,02067.jpg,train
4,parking_lot,02068.jpg,train
5,plane,02069.jpg,train
7,ship,02070.jpg,train
8,stadium,02071.jpg,train
3,oil_gas_field,02072.jpg,train
5,plane,02073.jpg,train
5,plane,02074.jpg,train
0,car,02075.jpg,train
7,ship,02076.jpg,train
0,car,02077.jpg,train
4,parking_lot,02078.jpg,train
3,oil_gas_field,02079.jpg,train
2,helicopter,02080.jpg,train
5,plane,02081.jpg,train
3,oil_gas_field,02082.jpg,train
6,runway_mark,02083.jpg,train
3,oil_gas_field,02084.jpg,train
8,stadium,02085.jpg,train
1,harbor,02086.jpg,train
2,helicopter,02087.jpg,train
2,helicopter,02088.jpg,train
3,oil_gas_field,02089.jpg,train
7,ship,02090.jpg,train
7,ship,02091.jpg,train
9,storage_tank,02092.jpg,train
0,car,02093.jpg,train
1,harbor,02094.jpg,train
0,car,02095.jpg,train
1,harbor,02096.jpg,train
3,oil_gas_field,02097.jpg,train
5,plane,02098.jpg,train
4,parking_lot,02099.jpg,train
7,ship,02100.jpg,train
5,plane,02101.jpg,train
3,oil_gas_field,02102.jpg,train
7,ship,02103.jpg,train
2,helicopter,02104.jpg,train
2,helicopter,02105.jpg,train
0,car,02106.jpg,train
1,harbor,02107.jpg,train
0,car,02108.jpg,train
4,parking_lot,02109.jpg,train
5,plane,02110.jpg,train
6,runway_mark,02111.jpg,train
4,parking_lot,02112.jpg,train
7,ship,02113.jpg,train
9,storage_tank,02114.jpg,train
3,oil_gas_field,02115.jpg,train
0,car,02116.jpg,train
4,parking_lot,02117.jpg,train
3,oil_gas_field,02118.jpg,train
6,runway_mark,02119.jpg,train
1,harbor,02120.jpg,train
0,car,02121.jpg,train
5,plane,02122.jpg,train
7,ship,02123.jpg,train
0,car,02124.jpg,train
3,oil_gas_field,02125.jpg,train
5,plane,02126.jpg,train
8,stadium,02127.jpg,train
3,oil_gas_field,02128.jpg,train
4,parking_lot,02129.jpg,train
5,plane,02130.jpg,train
5,plane,02131.jpg,train
3,oil_gas_field,02132.jpg,train
8,stadium,02133.jpg,train
0,car,02134.jpg,train
0,car,02135.jpg,train
0,car,02136.jpg,train
7,ship,02137.jpg,train
7,ship,02138.jpg,train
9,storage_tank,02139.jpg,train
8,stadium,02140.jpg,train
4,parking_lot,02141.jpg,train
0,car,02142.jpg,train
9,storage_tank,02143.jpg,train
9,storage_tank,02144.jpg,train
6,runway_mark,02145.jpg,train
5,plane,02146.jpg,train
0,car,02147.jpg,train
1,harbor,02148.jpg,train
0,car,02149.jpg,train
9,storage_tank,02150.jpg,train
0,car,02151.jpg,train
9,storage_tank,02152.jpg,train
9,storage_tank,02153.jpg,train
0,car,02154.jpg,train
6,runway_mark,02155.jpg,train
0,car,02156.jpg,train
9,storage_tank,02157.jpg,train
5,plane,02158.jpg,train
7,ship,02159.jpg,train
5,plane,02160.jpg,train
9,storage_tank,02161.jpg,train
1,harbor,02162.jpg,train
7,ship,02163.jpg,train
5,plane,02164.jpg,train
8,stadium,02165.jpg,train
8,stadium,02166.jpg,train
2,helicopter,02167.jpg,train
5,plane,02168.jpg,train
8,stadium,02169.jpg,train
3,oil_gas_field,02170.jpg,train
9,storage_tank,02171.jpg,train
6,runway_mark,02172.jpg,train
4,parking_lot,02173.jpg,train
0,car,02174.jpg,train
6,runway_mark,02175.jpg,train
1,harbor,02176.jpg,train
6,runway_mark,02177.jpg,train
4,parking_lot,02178.jpg,train
6,runway_mark,02179.jpg,train
7,ship,02180.jpg,train
0,car,02181.jpg,train
7,ship,02182.jpg,train
1,harbor,02183.jpg,train
1,harbor,02184.jpg,train
3,oil_gas_field,02185.jpg,train
8,stadium,02186.jpg,train
1,harbor,02187.jpg,train
6,runway_mark,02188.jpg,train
8,stadium,02189.jpg,train
9,storage_tank,02190.jpg,train
3,oil_gas_field,02191.jpg,train
5,plane,02192.jpg,train
5,plane,02193.jpg,train
5,plane,02194.jpg,train
0,car,02195.jpg,train
2,helicopter,02196.jpg,train
5,plane,02197.jpg,train
4,parking_lot,02198.jpg,train
1,harbor,02199.jpg,train
5,plane,02200.jpg,train
1,harbor,02201.jpg,train
8,stadium,02202.jpg,train
9,storage_tank,02203.jpg,train
2,helicopter,02204.jpg,train
6,runway_mark,02205.jpg,train
7,ship,02206.jpg,train
8,stadium,02207.jpg,train
5,plane,02208.jpg,train
9,storage_tank,02209.jpg,train
9,storage_tank,02210.jpg,train
1,harbor,02211.jpg,train
8,stadium,02212.jpg,train
7,ship,02213.jpg,train
4,parking_lot,02214.jpg,train
7,ship,02215.jpg,train
0,car,02216.jpg,train
3,oil_gas_field,02217.jpg,train
6,runway_mark,02218.jpg,train
1,harbor,02219.jpg,train
4,parking_lot,02220.jpg,train
7,ship,02221.jpg,train
7,ship,02222.jpg,train
2,helicopter,02223.jpg,train
5,plane,02224.jpg,train
5,plane,02225.jpg,train
5,plane,02226.jpg,train
6,runway_mark,02227.jpg,train
6,runway_mark,02228.jpg,train
0,car,02229.jpg,train
2,helicopter,02230.jpg,train
8,stadium,02231.jpg,train
7,ship,02232.jpg,train
2,helicopter,02233.jpg,train
8,stadium,02234.jpg,train
1,harbor,02235.jpg,train
0,car,02236.jpg,train
2,helicopter,02237.jpg,train
1,harbor,02238.jpg,train
4,parking_lot,02239.jpg,train
7,ship,02240.jpg,train
0,car,02241.jpg,train
4,parking_lot,02242.jpg,train
8,stadium,02243.jpg,train
6,runway_mark,02244.jpg,train
7,ship,02245.jpg,train
8,stadium,02246.jpg,train
5,plane,02247.jpg,train
9,storage_tank,02248.jpg,train
9,storage_tank,02249.jpg,train
3,oil_gas_field,02250.jpg,train
7,ship,02251.jpg,train
1,harbor,02252.jpg,train
0,car,02253.jpg,train
7,ship,02254.jpg,train
1,harbor,02255.jpg,train
9,storage_tank,02256.jpg,train
2,helicopter,02257.jpg,train
0,car,02258.jpg,train
3,oil_gas_field,02259.jpg,train
8,stadium,02260.jpg,train
3,oil_gas_field,02261.jpg,train
2,helicopter,02262.jpg,train
2,helicopter,02263.jpg,train
3,oil_gas_field,02264.jpg,train
2,helicopter,02265.jpg,train
1,harbor,02266.jpg,train
7,ship,02267.jpg,train
2,helicopter,02268.jpg,train
8,stadium,02269.jpg,train
9,storage_tank,02270.jpg,train
4,parking_lot,02271.jpg,train
9,storage_tank,02272.jpg,train
3,oil_gas_field,02273.jpg,train
7,ship,02274.jpg,train
8,stadium,02275.jpg,train
3,oil_gas_field,02276.jpg,train
0,car,02277.jpg,train
0,car,02278.jpg,train
9,storage_tank,02279.jpg,train
6,runway_mark,02280.jpg,train
9,storage_tank,02281.jpg,train
0,car,02282.jpg,train
2,helicopter,02283.jpg,train
9,storage_tank,02284.jpg,train
5,plane,02285.jpg,train
4,parking_lot,02286.jpg,train
7,ship,02287.jpg,train
7,ship,02288.jpg,train
0,car,02289.jpg,train
5,plane,02290.jpg,train
7,ship,02291.jpg,train
7,ship,02292.jpg,train
1,harbor,02293.jpg,train
3,oil_gas_field,02294.jpg,train
0,car,02295.jpg,train
1,harbor,02296.jpg,train
7,ship,02297.jpg,train
2,helicopter,02298.jpg,train
7,ship,02299.jpg,train
6,runway_mark,02300.jpg,train
2,helicopter,02301.jpg,train
4,parking_lot,02302.jpg,train
5,plane,02303.jpg,train
9,storage_tank,02304.jpg,train
7,ship,02305.jpg,train
5,plane,02306.jpg,train
2,helicopter,02307.jpg,train
7,ship,02308.jpg,train
5,plane,02309.jpg,train
0,car,02310.jpg,train
8,stadium,02311.jpg,train
2,helicopter,02312.jpg,train
9,storage_tank,02313.jpg,train
4,parking_lot,02314.jpg,train
9,storage_tank,02315.jpg,train
3,oil_gas_field,02316.jpg,train
6,runway_mark,02317.jpg,train
4,parking_lot,02318.jpg,train
7,ship,02319.jpg,train
9,storage_tank,02320.jpg,train
5,plane,02321.jpg,train
5,plane,02322.jpg,train
9,storage_tank,02323.jpg,train
5,plane,02324.jpg,train
3,oil_gas_field,02325.jpg,train
1,harbor,02326.jpg,train
7,ship,02327.jpg,train
8,stadium,02328.jpg,train
8,stadium,02329.jpg,train
1,harbor,02330.jpg,train
5,plane,02331.jpg,train
3,oil_gas_field,02332.jpg,train
4,parking_lot,02333.jpg,train
1,harbor,02334.jpg,train
6,runway_mark,02335.jpg,train
9,storage_tank,02336.jpg,train
5,plane,02337.jpg,train
7,ship,02338.jpg,train
1,harbor,02339.jpg,train
8,stadium,02340.jpg,train
3,oil_gas_field,02341.jpg,train
5,plane,02342.jpg,train
9,storage_tank,02343.jpg,train
3,oil_gas_field,02344.jpg,train
9,storage_tank,02345.jpg,train
4,parking_lot,02346.jpg,train
9,storage_tank,02347.jpg,train
0,car,02348.jpg,train
7,ship,02349.jpg,train
6,runway_mark,02350.jpg,train
2,helicopter,02351.jpg,train
3,oil_gas_field,02352.jpg,train
1,harbor,02353.jpg,train
5,plane,02354.jpg,train
9,storage_tank,02355.jpg,train
6,runway_mark,02356.jpg,train
3,oil_gas_field,02357.jpg,train
3,oil_gas_field,02358.jpg,train
7,ship,02359.jpg,train
4,parking_lot,02360.jpg,train
6,runway_mark,02361.jpg,train
4,parking_lot,02362.jpg,train
7,ship,02363.jpg,train
4,parking_lot,02364.jpg,train
6,runway_mark,02365.jpg,train
3,oil_gas_field,02366.jpg,train
7,ship,02367.jpg,train
8,stadium,02368.jpg,train
3,oil_gas_field,02369.jpg,train
6,runway_mark,02370.jpg,train
6,runway_mark,02371.jpg,train
3,oil_gas_field,02372.jpg,train
8,stadium,02373.jpg,train
2,helicopter,02374.jpg,train
6,runway_mark,02375.jpg,train
8,stadium,02376.jpg,train
9,storage_tank,02377.jpg,train
4,parking_lot,02378.jpg,train
7,ship,02379.jpg,train
7,ship,02380.jpg,train
2,helicopter,02381.jpg,train
6,runway_mark,02382.jpg,train
5,plane,02383.jpg,train
6,runway_mark,02384.jpg,train
7,ship,02385.jpg,train
9,storage_tank,02386.jpg,train
9,storage_tank,02387.jpg,train
2,helicopter,02388.jpg,train
9,storage_tank,02389.jpg,train
6,runway_mark,02390.jpg,train
8,stadium,02391.jpg,train
0,car,02392.jpg,train
5,plane,02393.jpg,train
5,plane,02394.jpg,train
1,harbor,02395.jpg,train
9,storage_tank,02396.jpg,train
0,car,02397.jpg,train
3,oil_gas_field,02398.jpg,train
0,car,02399.jpg,train
0,car,02400.jpg,train
9,storage_tank,02401.jpg,train
9,storage_tank,02402.jpg,train
4,parking_lot,02403.jpg,train
5,plane,02404.jpg,train
2,helicopter,02405.jpg,train
9,storage_tank,02406.jpg,train
3,oil_gas_field,02407.jpg,train
8,stadium,02408.jpg,train
4,parking_lot,02409.jpg,train
8,stadium,02410.jpg,train
3,oil_gas_field,02411.jpg,train
2,helicopter,02412.jpg,train
7,ship,02413.jpg,train
2,helicopter,02414.jpg,train
7,ship,02415.jpg,train
6,runway_mark,02416.jpg,train
0,car,02417.jpg,train
3,oil_gas_field,02418.jpg,train
2,helicopter,02419.jpg,train
3,oil_gas_field,02420.jpg,train
5,plane,02421.jpg,train
6,runway_mark,02422.jpg,train
4,parking_lot,02423.jpg,train
7,ship,02424.jpg,train
7,ship,02425.jpg,train
3,oil_gas_field,02426.jpg,train
1,harbor,02427.jpg,train
3,oil_gas_field,02428.jpg,train
7,ship,02429.jpg,train
6,runway_mark,02430.jpg,train
4,parking_lot,02431.jpg,train
3,oil_gas_field,02432.jpg,train
9,storage_tank,02433.jpg,train
2,helicopter,02434.jpg,train
8,stadium,02435.jpg,train
9,storage_tank,02436.jpg,train
7,ship,02437.jpg,train
3,oil_gas_field,02438.jpg,train
1,harbor,02439.jpg,train
8,stadium,02440.jpg,train
8,stadium,02441.jpg,train
0,car,02442.jpg,train
0,car,02443.jpg,train
0,car,02444.jpg,train
0,car,02445.jpg,train
7,ship,02446.jpg,train
9,storage_tank,02447.jpg,train
2,helicopter,02448.jpg,train
8,stadium,02449.jpg,train
1,harbor,02450.jpg,train
8,stadium,02451.jpg,train
7,ship,02452.jpg,train
0,car,02453.jpg,train
3,oil_gas_field,02454.jpg,train
7,ship,02455.jpg,train
6,runway_mark,02456.jpg,train
6,runway_mark,02457.jpg,train
0,car,02458.jpg,train
3,oil_gas_field,02459.jpg,train
3,oil_gas_field,02460.jpg,train
8,stadium,02461.jpg,train
9,storage_tank,02462.jpg,train
6,runway_mark,02463.jpg,train
0,car,02464.jpg,train
9,storage_tank,02465.jpg,train
4,parking_lot,02466.jpg,train
8,stadium,02467.jpg,train
5,plane,02468.jpg,train
8,stadium,02469.jpg,train
0,car,02470.jpg,train
6,runway_mark,02471.jpg,train
9,storage_tank,02472.jpg,train
4,parking_lot,02473.jpg,train
0,car,02474.jpg,train
1,harbor,02475.jpg,train
6,runway_mark,02476.jpg,train
1,harbor,02477.jpg,train
3,oil_gas_field,02478.jpg,train
3,oil_gas_field,02479.jpg,train
3,oil_gas_field,02480.jpg,train
6,runway_mark,02481.jpg,train
3,oil_gas_field,02482.jpg,train
9,storage_tank,02483.jpg,train
6,runway_mark,02484.jpg,train
9,storage_tank,02485.jpg,train
3,oil_gas_field,02486.jpg,train
7,ship,02487.jpg,train
2,helicopter,02488.jpg,train
4,parking_lot,02489.jpg,train
5,plane,02490.jpg,train
1,harbor,02491.jpg,train
4,parking_lot,02492.jpg,train
7,ship,02493.jpg,train
6,runway_mark,02494.jpg,train
8,stadium,02495.jpg,train
1,harbor,02496.jpg,train
6,runway_mark,02497.jpg,train
9,storage_tank,02498.jpg,train
7,ship,02499.jpg,train
4,parking_lot,02500.jpg,train
7,ship,02501.jpg,train
5,plane,02502.jpg,train
4,parking_lot,02503.jpg,train
5,plane,02504.jpg,train
5,plane,02505.jpg,train
0,car,02506.jpg,train
9,storage_tank,02507.jpg,train
9,storage_tank,02508.jpg,train
5,plane,02509.jpg,train
2,helicopter,02510.jpg,train
3,oil_gas_field,02511.jpg,train
7,ship,02512.jpg,train
7,ship,02513.jpg,train
8,stadium,02514.jpg,train
9,storage_tank,02515.jpg,train
1,harbor,02516.jpg,train
9,storage_tank,02517.jpg,train
7,ship,02518.jpg,train
2,helicopter,02519.jpg,train
6,runway_mark,02520.jpg,train
5,plane,02521.jpg,train
7,ship,02522.jpg,train
1,harbor,02523.jpg,train
4,parking_lot,02524.jpg,train
0,car,02525.jpg,train
6,runway_mark,02526.jpg,train
5,plane,02527.jpg,train
3,oil_gas_field,02528.jpg,train
4,parking_lot,02529.jpg,train
4,parking_lot,02530.jpg,train
4,parking_lot,02531.jpg,train
3,oil_gas_field,02532.jpg,train
8,stadium,02533.jpg,train
5,plane,02534.jpg,train
6,runway_mark,02535.jpg,train
8,stadium,02536.jpg,train
0,car,02537.jpg,train
7,ship,02538.jpg,train
3,oil_gas_field,02539.jpg,train
3,oil_gas_field,02540.jpg,train
4,parking_lot,02541.jpg,train
6,runway_mark,02542.jpg,train
3,oil_gas_field,02543.jpg,train
0,car,02544.jpg,train
8,stadium,02545.jpg,train
6,runway_mark,02546.jpg,train
7,ship,02547.jpg,train
5,plane,02548.jpg,train
1,harbor,02549.jpg,train
3,oil_gas_field,02550.jpg,train
7,ship,02551.jpg,train
0,car,02552.jpg,train
1,harbor,02553.jpg,train
1,harbor,02554.jpg,train
6,runway_mark,02555.jpg,train
3,oil_gas_field,02556.jpg,train
8,stadium,02557.jpg,train
1,harbor,02558.jpg,train
4,parking_lot,02559.jpg,train
3,oil_gas_field,02560.jpg,train
6,runway_mark,02561.jpg,train
2,helicopter,02562.jpg,train
0,car,02563.jpg,train
1,harbor,02564.jpg,train
5,plane,02565.jpg,train
0,car,02566.jpg,train
6,runway_mark,02567.jpg,train
0,car,02568.jpg,train
7,ship,02569.jpg,train
5,plane,02570.jpg,train
4,parking_lot,02571.jpg,train
6,runway_mark,02572.jpg,train
0,car,02573.jpg,train
9,storage_tank,02574.jpg,train
5,plane,02575.jpg,train
3,oil_gas_field,02576.jpg,train
1,harbor,02577.jpg,train
4,parking_lot,02578.jpg,train
0,car,02579.jpg,train
8,stadium,02580.jpg,train
0,car,02581.jpg,train
9,storage_tank,02582.jpg,train
4,parking_lot,02583.jpg,train
1,harbor,02584.jpg,train
1,harbor,02585.jpg,train
9,storage_tank,02586.jpg,train
0,car,02587.jpg,train
0,car,02588.jpg,train
4,parking_lot,02589.jpg,train
0,car,02590.jpg,train
1,harbor,02591.jpg,train
5,plane,02592.jpg,train
9,storage_tank,02593.jpg,train
7,ship,02594.jpg,train
1,harbor,02595.jpg,train
1,harbor,02596.jpg,train
5,plane,02597.jpg,train
1,harbor,02598.jpg,train
7,ship,02599.jpg,train
1,harbor,02600.jpg,train
3,oil_gas_field,02601.jpg,train
4,parking_lot,02602.jpg,train
5,plane,02603.jpg,train
5,plane,02604.jpg,train
4,parking_lot,02605.jpg,train
8,stadium,02606.jpg,train
1,harbor,02607.jpg,train
4,parking_lot,02608.jpg,train
2,helicopter,02609.jpg,train
9,storage_tank,02610.jpg,train
5,plane,02611.jpg,train
6,runway_mark,02612.jpg,train
8,stadium,02613.jpg,train
9,storage_tank,02614.jpg,train
8,stadium,02615.jpg,train
2,helicopter,02616.jpg,train
5,plane,02617.jpg,train
0,car,02618.jpg,train
3,oil_gas_field,02619.jpg,train
1,harbor,02620.jpg,train
5,plane,02621.jpg,train
3,oil_gas_field,02622.jpg,train
4,parking_lot,02623.jpg,train
2,helicopter,02624.jpg,train
6,runway_mark,02625.jpg,train
0,car,02626.jpg,train
7,ship,02627.jpg,train
8,stadium,02628.jpg,train
8,stadium,02629.jpg,train
5,plane,02630.jpg,train
2,helicopter,02631.jpg,train
8,stadium,02632.jpg,train
8,stadium,02633.jpg,train
4,parking_lot,02634.jpg,train
4,parking_lot,02635.jpg,train
5,plane,02636.jpg,train
1,harbor,02637.jpg,train
1,harbor,02638.jpg,train
9,storage_tank,02639.jpg,train
9,storage_tank,02640.jpg,train
8,stadium,02641.jpg,train
4,parking_lot,02642.jpg,train
7,ship,02643.jpg,train
3,oil_gas_field,02644.jpg,train
0,car,02645.jpg,train
4,parking_lot,02646.jpg,train
6,runway_mark,02647.jpg,train
8,stadium,02648.jpg,train
4,parking_lot,02649.jpg,train
4,parking_lot,02650.jpg,train
6,runway_mark,02651.jpg,train
9,storage_tank,02652.jpg,train
2,helicopter,02653.jpg,train
5,plane,02654.jpg,train
4,parking_lot,02655.jpg,train
4,parking_lot,02656.jpg,train
9,storage_tank,02657.jpg,train
4,parking_lot,02658.jpg,train
9,storage_tank,02659.jpg,train
7,ship,02660.jpg,train
9,storage_tank,02661.jpg,train
7,ship,02662.jpg,train
1,harbor,02663.jpg,train
2,helicopter,02664.jpg,train
3,oil_gas_field,02665.jpg,train
0,car,02666.jpg,train
9,storage_tank,02667.jpg,train
3,oil_gas_field,02668.jpg,train
8,stadium,02669.jpg,train
7,ship,02670.jpg,train
5,plane,02671.jpg,train
8,stadium,02672.jpg,train
5,plane,02673.jpg,train
9,storage_tank,02674.jpg,train
6,runway_mark,02675.jpg,train
6,runway_mark,02676.jpg,train
4,parking_lot,02677.jpg,train
6,runway_mark,02678.jpg,train
4,parking_lot,02679.jpg,train
4,parking_lot,02680.jpg,train
0,car,02681.jpg,train
7,ship,02682.jpg,train
1,harbor,02683.jpg,train
4,parking_lot,02684.jpg,train
2,helicopter,02685.jpg,train
0,car,02686.jpg,train
7,ship,02687.jpg,train
5,plane,02688.jpg,train
9,storage_tank,02689.jpg,train
5,plane,02690.jpg,train
9,storage_tank,02691.jpg,train
1,harbor,02692.jpg,train
9,storage_tank,02693.jpg,train
3,oil_gas_field,02694.jpg,train
7,ship,02695.jpg,train
8,stadium,02696.jpg,train
7,ship,02697.jpg,train
0,car,02698.jpg,train
5,plane,02699.jpg,train
8,stadium,02700.jpg,train
3,oil_gas_field,02701.jpg,train
1,harbor,02702.jpg,train
1,harbor,02703.jpg,train
1,harbor,02704.jpg,train
2,helicopter,02705.jpg,train
9,storage_tank,02706.jpg,train
4,parking_lot,02707.jpg,train
8,stadium,02708.jpg,train
6,runway_mark,02709.jpg,train
4,parking_lot,02710.jpg,train
4,parking_lot,02711.jpg,train
1,harbor,02712.jpg,train
4,parking_lot,02713.jpg,train
9,storage_tank,02714.jpg,train
0,car,02715.jpg,train
3,oil_gas_field,02716.jpg,train
3,oil_gas_field,02717.jpg,train
9,storage_tank,02718.jpg,train
0,car,02719.jpg,train
9,storage_tank,02720.jpg,train
8,stadium,02721.jpg,train
8,stadium,02722.jpg,train
0,car,02723.jpg,train
1,harbor,02724.jpg,train
4,parking_lot,02725.jpg,train
9,storage_tank,02726.jpg,train
0,car,02727.jpg,train
7,ship,02728.jpg,train
9,storage_tank,02729.jpg,train
0,car,02730.jpg,train
2,helicopter,02731.jpg,train
1,harbor,02732.jpg,train
7,ship,02733.jpg,train
3,oil_gas_field,02734.jpg,train
5,plane,02735.jpg,train
7,ship,02736.jpg,train
9,storage_tank,02737.jpg,train
8,stadium,02738.jpg,train
9,storage_tank,02739.jpg,train
6,runway_mark,02740.jpg,train
5,plane,02741.jpg,train
5,plane,02742.jpg,train
4,parking_lot,02743.jpg,train
3,oil_gas_field,02744.jpg,train
9,storage_tank,02745.jpg,train
0,car,02746.jpg,train
9,storage_tank,02747.jpg,train
7,ship,02748.jpg,train
0,car,02749.jpg,train
2,helicopter,02750.jpg,train
3,oil_gas_field,02751.jpg,train
6,runway_mark,02752.jpg,train
4,parking_lot,02753.jpg,train
4,parking_lot,02754.jpg,train
1,harbor,02755.jpg,train
3,oil_gas_field,02756.jpg,train
3,oil_gas_field,02757.jpg,train
1,harbor,02758.jpg,train
6,runway_mark,02759.jpg,train
2,helicopter,02760.jpg,train
5,plane,02761.jpg,train
3,oil_gas_field,02762.jpg,train
6,runway_mark,02763.jpg,train
5,plane,02764.jpg,train
0,car,02765.jpg,train
3,oil_gas_field,02766.jpg,train
6,runway_mark,02767.jpg,train
8,stadium,02768.jpg,train
6,runway_mark,02769.jpg,train
7,ship,02770.jpg,train
6,runway_mark,02771.jpg,train
3,oil_gas_field,02772.jpg,train
1,harbor,02773.jpg,train
8,stadium,02774.jpg,train
1,harbor,02775.jpg,train
8,stadium,02776.jpg,train
3,oil_gas_field,02777.jpg,train
1,harbor,02778.jpg,train
4,parking_lot,02779.jpg,train
2,helicopter,02780.jpg,train
6,runway_mark,02781.jpg,train
7,ship,02782.jpg,train
0,car,02783.jpg,train
7,ship,02784.jpg,train
3,oil_gas_field,02785.jpg,train
8,stadium,02786.jpg,train
3,oil_gas_field,02787.jpg,train
8,stadium,02788.jpg,train
7,ship,02789.jpg,train
3,oil_gas_field,02790.jpg,train
7,ship,02791.jpg,train
1,harbor,02792.jpg,train
5,plane,02793.jpg,train
8,stadium,02794.jpg,train
2,helicopter,02795.jpg,train
5,plane,02796.jpg,train
9,storage_tank,02797.jpg,train
0,car,02798.jpg,train
9,storage_tank,02799.jpg,train
9,storage_tank,02800.jpg,train
5,plane,02801.jpg,train
7,ship,02802.jpg,train
0,car,02803.jpg,train
3,oil_gas_field,02804.jpg,train
3,oil_gas_field,02805.jpg,train
4,parking_lot,02806.jpg,train
6,runway_mark,02807.jpg,train
5,plane,02808.jpg,train
9,storage_tank,02809.jpg,train
0,car,02810.jpg,train
8,stadium,02811.jpg,train
2,helicopter,02812.jpg,train
2,helicopter,02813.jpg,train
0,car,02814.jpg,train
9,storage_tank,02815.jpg,train
4,parking_lot,02816.jpg,train
7,ship,02817.jpg,train
5,plane,02818.jpg,train
7,ship,02819.jpg,train
5,plane,02820.jpg,train
6,runway_mark,02821.jpg,train
4,parking_lot,02822.jpg,train
2,helicopter,02823.jpg,train
2,helicopter,02824.jpg,train
3,oil_gas_field,02825.jpg,train
4,parking_lot,02826.jpg,train
6,runway_mark,02827.jpg,train
7,ship,02828.jpg,train
7,ship,02829.jpg,train
9,storage_tank,02830.jpg,train
4,parking_lot,02831.jpg,train
6,runway_mark,02832.jpg,train
5,plane,02833.jpg,train
7,ship,02834.jpg,train
6,runway_mark,02835.jpg,train
1,harbor,02836.jpg,train
5,plane,02837.jpg,train
4,parking_lot,02838.jpg,train
8,stadium,02839.jpg,train
1,harbor,02840.jpg,train
6,runway_mark,02841.jpg,train
5,plane,02842.jpg,train
5,plane,02843.jpg,train
8,stadium,02844.jpg,train
1,harbor,02845.jpg,train
7,ship,02846.jpg,train
9,storage_tank,02847.jpg,train
8,stadium,02848.jpg,train
5,plane,02849.jpg,train
1,harbor,02850.jpg,train
9,storage_tank,02851.jpg,train
0,car,02852.jpg,train
8,stadium,02853.jpg,train
0,car,02854.jpg,train
4,parking_lot,02855.jpg,train
0,car,02856.jpg,train
0,car,02857.jpg,train
3,oil_gas_field,02858.jpg,train
7,ship,02859.jpg,train
0,car,02860.jpg,train
5,plane,02861.jpg,train
8,stadium,02862.jpg,train
7,ship,02863.jpg,train
3,oil_gas_field,02864.jpg,train
4,parking_lot,02865.jpg,train
6,runway_mark,02866.jpg,train
5,plane,02867.jpg,train
6,runway_mark,02868.jpg,train
3,oil_gas_field,02869.jpg,train
0,car,02870.jpg,train
5,plane,02871.jpg,train
5,plane,02872.jpg,train
7,ship,02873.jpg,train
0,car,02874.jpg,train
6,runway_mark,02875.jpg,train
7,ship,02876.jpg,train
4,parking_lot,02877.jpg,train
8,stadium,02878.jpg,train
7,ship,02879.jpg,train
9,storage_tank,02880.jpg,train
9,storage_tank,02881.jpg,train
0,car,02882.jpg,train
7,ship,02883.jpg,train
7,ship,02884.jpg,train
4,parking_lot,02885.jpg,train
7,ship,02886.jpg,train
1,harbor,02887.jpg,train
7,ship,02888.jpg,train
7,ship,02889.jpg,train
7,ship,02890.jpg,train
0,car,02891.jpg,train
1,harbor,02892.jpg,train
6,runway_mark,02893.jpg,train
4,parking_lot,02894.jpg,train
5,plane,02895.jpg,train
1,harbor,02896.jpg,train
0,car,02897.jpg,train
4,parking_lot,02898.jpg,train
1,harbor,02899.jpg,train
0,car,02900.jpg,train
0,car,02901.jpg,train
5,plane,02902.jpg,train
3,oil_gas_field,02903.jpg,train
4,parking_lot,02904.jpg,train
4,parking_lot,02905.jpg,train
1,harbor,02906.jpg,train
3,oil_gas_field,02907.jpg,train
5,plane,02908.jpg,train
2,helicopter,02909.jpg,train
2,helicopter,02910.jpg,train
5,plane,02911.jpg,train
0,car,02912.jpg,train
4,parking_lot,02913.jpg,train
5,plane,02914.jpg,train
7,ship,02915.jpg,train
9,storage_tank,02916.jpg,train
0,car,02917.jpg,train
8,stadium,02918.jpg,train
4,parking_lot,02919.jpg,train
1,harbor,02920.jpg,train
8,stadium,02921.jpg,train
2,helicopter,02922.jpg,train
9,storage_tank,02923.jpg,train
8,stadium,02924.jpg,train
3,oil_gas_field,02925.jpg,train
9,storage_tank,02926.jpg,train
7,ship,02927.jpg,train
6,runway_mark,02928.jpg,train
7,ship,02929.jpg,train
8,stadium,02930.jpg,train
0,car,02931.jpg,train
0,car,02932.jpg,train
9,storage_tank,02933.jpg,train
7,ship,02934.jpg,train
9,storage_tank,02935.jpg,train
5,plane,02936.jpg,train
4,parking_lot,02937.jpg,train
2,helicopter,02938.jpg,train
9,storage_tank,02939.jpg,train
9,storage_tank,02940.jpg,train
7,ship,02941.jpg,train
8,stadium,02942.jpg,train
8,stadium,02943.jpg,train
2,helicopter,02944.jpg,train
9,storage_tank,02945.jpg,train
9,storage_tank,02946.jpg,train
9,storage_tank,02947.jpg,train
6,runway_mark,02948.jpg,train
1,harbor,02949.jpg,train
5,plane,02950.jpg,train
7,ship,02951.jpg,train
6,runway_mark,02952.jpg,train
3,oil_gas_field,02953.jpg,train
8,stadium,02954.jpg,train
0,car,02955.jpg,train
1,harbor,02956.jpg,train
9,storage_tank,02957.jpg,train
8,stadium,02958.jpg,train
0,car,02959.jpg,train
9,storage_tank,02960.jpg,train
4,parking_lot,02961.jpg,train
6,runway_mark,02962.jpg,train
7,ship,02963.jpg,train
2,helicopter,02964.jpg,train
8,stadium,02965.jpg,train
6,runway_mark,02966.jpg,train
4,parking_lot,02967.jpg,train
9,storage_tank,02968.jpg,train
8,stadium,02969.jpg,train
3,oil_gas_field,02970.jpg,train
8,stadium,02971.jpg,train
1,harbor,02972.jpg,train
4,parking_lot,02973.jpg,train
4,parking_lot,02974.jpg,train
1,harbor,02975.jpg,train
1,harbor,02976.jpg,train
8,stadium,02977.jpg,train
6,runway_mark,02978.jpg,train
2,helicopter,02979.jpg,train
5,plane,02980.jpg,train
0,car,02981.jpg,train
6,runway_mark,02982.jpg,train
1,harbor,02983.jpg,train
6,runway_mark,02984.jpg,train
1,harbor,02985.jpg,train
8,stadium,02986.jpg,train
2,helicopter,02987.jpg,train
8,stadium,02988.jpg,train
8,stadium,02989.jpg,train
9,storage_tank,02990.jpg,train
7,ship,02991.jpg,train
5,plane,02992.jpg,train
8,stadium,02993.jpg,train
8,stadium,02994.jpg,train
1,harbor,02995.jpg,train
2,helicopter,02996.jpg,train
6,runway_mark,02997.jpg,train
5,plane,02998.jpg,train
7,ship,02999.jpg,train
4,parking_lot,03000.jpg,train
8,stadium,03001.jpg,train
0,car,03002.jpg,train
5,plane,03003.jpg,train
5,plane,03004.jpg,train
8,stadium,03005.jpg,train
1,harbor,03006.jpg,train
0,car,03007.jpg,train
1,harbor,03008.jpg,train
6,runway_mark,03009.jpg,train
8,stadium,03010.jpg,train
7,ship,03011.jpg,train
4,parking_lot,03012.jpg,train
3,oil_gas_field,03013.jpg,train
6,runway_mark,03014.jpg,train
0,car,03015.jpg,train
7,ship,03016.jpg,train
7,ship,03017.jpg,train
3,oil_gas_field,03018.jpg,train
4,parking_lot,03019.jpg,train
1,harbor,03020.jpg,train
6,runway_mark,03021.jpg,train
7,ship,03022.jpg,train
1,harbor,03023.jpg,train
1,harbor,03024.jpg,train
2,helicopter,03025.jpg,train
3,oil_gas_field,03026.jpg,train
0,car,03027.jpg,train
0,car,03028.jpg,train
9,storage_tank,03029.jpg,train
6,runway_mark,03030.jpg,train
2,helicopter,03031.jpg,train
3,oil_gas_field,03032.jpg,train
2,helicopter,03033.jpg,train
4,parking_lot,03034.jpg,train
3,oil_gas_field,03035.jpg,train
4,parking_lot,03036.jpg,train
0,car,03037.jpg,train
6,runway_mark,03038.jpg,train
0,car,03039.jpg,train
6,runway_mark,03040.jpg,train
3,oil_gas_field,03041.jpg,train
3,oil_gas_field,03042.jpg,train
7,ship,03043.jpg,train
2,helicopter,03044.jpg,train
5,plane,03045.jpg,train
2,helicopter,03046.jpg,train
1,harbor,03047.jpg,train
4,parking_lot,03048.jpg,train
4,parking_lot,03049.jpg,train
1,harbor,03050.jpg,train
8,stadium,03051.jpg,train
4,parking_lot,03052.jpg,train
2,helicopter,03053.jpg,train
1,harbor,03054.jpg,train
2,helicopter,03055.jpg,train
4,parking_lot,03056.jpg,train
0,car,03057.jpg,train
2,helicopter,03058.jpg,train
2,helicopter,03059.jpg,train
0,car,03060.jpg,train
4,parking_lot,03061.jpg,train
5,plane,03062.jpg,train
6,runway_mark,03063.jpg,train
8,stadium,03064.jpg,train
3,oil_gas_field,03065.jpg,train
4,parking_lot,03066.jpg,train
5,plane,03067.jpg,train
1,harbor,03068.jpg,train
8,stadium,03069.jpg,train
9,storage_tank,03070.jpg,train
1,harbor,03071.jpg,train
7,ship,03072.jpg,train
1,harbor,03073.jpg,train
8,stadium,03074.jpg,train
7,ship,03075.jpg,train
2,helicopter,03076.jpg,train
1,harbor,03077.jpg,train
2,helicopter,03078.jpg,train
9,storage_tank,03079.jpg,train
0,car,03080.jpg,train
1,harbor,03081.jpg,train
2,helicopter,03082.jpg,train
1,harbor,03083.jpg,train
6,runway_mark,03084.jpg,train
7,ship,03085.jpg,train
7,ship,03086.jpg,train
6,runway_mark,03087.jpg,train
0,car,03088.jpg,train
6,runway_mark,03089.jpg,train
6,runway_mark,03090.jpg,train
3,oil_gas_field,03091.jpg,train
6,runway_mark,03092.jpg,train
4,parking_lot,03093.jpg,train
3,oil_gas_field,03094.jpg,train
1,harbor,03095.jpg,train
8,stadium,03096.jpg,train
4,parking_lot,03097.jpg,train
4,parking_lot,03098.jpg,train
2,helicopter,03099.jpg,train
0,car,03100.jpg,train
3,oil_gas_field,03101.jpg,train
7,ship,03102.jpg,train
7,ship,03103.jpg,train
9,storage_tank,03104.jpg,train
1,harbor,03105.jpg,train
7,ship,03106.jpg,train
3,oil_gas_field,03107.jpg,train
2,helicopter,03108.jpg,train
0,car,03109.jpg,train
6,runway_mark,03110.jpg,train
9,storage_tank,03111.jpg,train
9,storage_tank,03112.jpg,train
6,runway_mark,03113.jpg,train
7,ship,03114.jpg,train
4,parking_lot,03115.jpg,train
8,stadium,03116.jpg,train
5,plane,03117.jpg,train
2,helicopter,03118.jpg,train
0,car,03119.jpg,train
9,storage_tank,03120.jpg,train
4,parking_lot,03121.jpg,train
2,helicopter,03122.jpg,train
7,ship,03123.jpg,train
6,runway_mark,03124.jpg,train
5,plane,03125.jpg,train
6,runway_mark,03126.jpg,train
7,ship,03127.jpg,train
7,ship,03128.jpg,train
1,harbor,03129.jpg,train
3,oil_gas_field,03130.jpg,train
3,oil_gas_field,03131.jpg,train
3,oil_gas_field,03132.jpg,train
3,oil_gas_field,03133.jpg,train
9,storage_tank,03134.jpg,train
2,helicopter,03135.jpg,train
3,oil_gas_field,03136.jpg,train
0,car,03137.jpg,train
6,runway_mark,03138.jpg,train
7,ship,03139.jpg,train
0,car,03140.jpg,train
3,oil_gas_field,03141.jpg,train
8,stadium,03142.jpg,train
3,oil_gas_field,03143.jpg,train
4,parking_lot,03144.jpg,train
9,storage_tank,03145.jpg,train
6,runway_mark,03146.jpg,train
5,plane,03147.jpg,train
3,oil_gas_field,03148.jpg,train
9,storage_tank,03149.jpg,train
3,oil_gas_field,03150.jpg,train
1,harbor,03151.jpg,train
4,parking_lot,03152.jpg,train
7,ship,03153.jpg,train
6,runway_mark,03154.jpg,train
6,runway_mark,03155.jpg,train
5,plane,03156.jpg,train
6,runway_mark,03157.jpg,train
9,storage_tank,03158.jpg,train
0,car,03159.jpg,train
0,car,03160.jpg,train
0,car,03161.jpg,train
7,ship,03162.jpg,train
5,plane,03163.jpg,train
0,car,03164.jpg,train
7,ship,03165.jpg,train
5,plane,03166.jpg,train
4,parking_lot,03167.jpg,train
5,plane,03168.jpg,train
4,parking_lot,03169.jpg,train
9,storage_tank,03170.jpg,train
0,car,03171.jpg,train
5,plane,03172.jpg,train
3,oil_gas_field,03173.jpg,train
9,storage_tank,03174.jpg,train
5,plane,03175.jpg,train
5,plane,03176.jpg,train
1,harbor,03177.jpg,train
3,oil_gas_field,03178.jpg,train
1,harbor,03179.jpg,train
4,parking_lot,03180.jpg,train
3,oil_gas_field,03181.jpg,train
8,stadium,03182.jpg,train
8,stadium,03183.jpg,train
5,plane,03184.jpg,train
6,runway_mark,03185.jpg,train
8,stadium,03186.jpg,train
9,storage_tank,03187.jpg,train
1,harbor,03188.jpg,train
9,storage_tank,03189.jpg,train
1,harbor,03190.jpg,train
8,stadium,03191.jpg,train
1,harbor,03192.jpg,train
4,parking_lot,03193.jpg,train
1,harbor,03194.jpg,train
2,helicopter,03195.jpg,train
3,oil_gas_field,03196.jpg,train
5,plane,03197.jpg,train
9,storage_tank,03198.jpg,train
8,stadium,03199.jpg,train
8,stadium,03200.jpg,train
1,harbor,03201.jpg,train
8,stadium,03202.jpg,train
0,car,03203.jpg,train
8,stadium,03204.jpg,train
6,runway_mark,03205.jpg,train
8,stadium,03206.jpg,train
6,runway_mark,03207.jpg,train
8,stadium,03208.jpg,train
4,parking_lot,03209.jpg,train
1,harbor,03210.jpg,train
9,storage_tank,03211.jpg,train
5,plane,03212.jpg,train
3,oil_gas_field,03213.jpg,train
4,parking_lot,03214.jpg,train
1,harbor,03215.jpg,train
3,oil_gas_field,03216.jpg,train
1,harbor,03217.jpg,train
6,runway_mark,03218.jpg,train
5,plane,03219.jpg,train
9,storage_tank,03220.jpg,train
7,ship,03221.jpg,train
3,oil_gas_field,03222.jpg,train
5,plane,03223.jpg,train
5,plane,03224.jpg,train
6,runway_mark,03225.jpg,train
3,oil_gas_field,03226.jpg,train
2,helicopter,03227.jpg,train
3,oil_gas_field,03228.jpg,train
7,ship,03229.jpg,train
6,runway_mark,03230.jpg,train
1,harbor,03231.jpg,train
3,oil_gas_field,03232.jpg,train
4,parking_lot,03233.jpg,train
7,ship,03234.jpg,train
5,plane,03235.jpg,train
6,runway_mark,03236.jpg,train
0,car,03237.jpg,train
0,car,03238.jpg,train
4,parking_lot,03239.jpg,train
4,parking_lot,03240.jpg,train
3,oil_gas_field,03241.jpg,train
7,ship,03242.jpg,train
3,oil_gas_field,03243.jpg,train
3,oil_gas_field,03244.jpg,train
5,plane,03245.jpg,train
9,storage_tank,03246.jpg,train
9,storage_tank,03247.jpg,train
0,car,03248.jpg,train
8,stadium,03249.jpg,train
3,oil_gas_field,03250.jpg,train
3,oil_gas_field,03251.jpg,train
8,stadium,03252.jpg,train
9,storage_tank,03253.jpg,train
4,parking_lot,03254.jpg,train
3,oil_gas_field,03255.jpg,train
3,oil_gas_field,03256.jpg,train
3,oil_gas_field,03257.jpg,train
0,car,03258.jpg,train
1,harbor,03259.jpg,train
4,parking_lot,03260.jpg,train
8,stadium,03261.jpg,train
1,harbor,03262.jpg,train
2,helicopter,03263.jpg,train
1,harbor,03264.jpg,train
5,plane,03265.jpg,train
4,parking_lot,03266.jpg,train
5,plane,03267.jpg,train
5,plane,03268.jpg,train
2,helicopter,03269.jpg,train
1,harbor,03270.jpg,train
9,storage_tank,03271.jpg,train
0,car,03272.jpg,train
9,storage_tank,03273.jpg,train
3,oil_gas_field,03274.jpg,train
1,harbor,03275.jpg,train
1,harbor,03276.jpg,train
1,harbor,03277.jpg,train
4,parking_lot,03278.jpg,train
8,stadium,03279.jpg,train
5,plane,03280.jpg,train
6,runway_mark,03281.jpg,train
6,runway_mark,03282.jpg,train
0,car,03283.jpg,train
0,car,03284.jpg,train
0,car,03285.jpg,train
9,storage_tank,03286.jpg,train
8,stadium,03287.jpg,train
3,oil_gas_field,03288.jpg,train
4,parking_lot,03289.jpg,train
0,car,03290.jpg,train
1,harbor,03291.jpg,train
6,runway_mark,03292.jpg,train
9,storage_tank,03293.jpg,train
4,parking_lot,03294.jpg,train
6,runway_mark,03295.jpg,train
6,runway_mark,03296.jpg,train
5,plane,03297.jpg,train
5,plane,03298.jpg,train
5,plane,03299.jpg,train
0,car,03300.jpg,train
5,plane,03301.jpg,train
7,ship,03302.jpg,train
5,plane,03303.jpg,train
3,oil_gas_field,03304.jpg,train
0,car,03305.jpg,train
1,harbor,03306.jpg,train
5,plane,03307.jpg,train
9,storage_tank,03308.jpg,train
7,ship,03309.jpg,train
3,oil_gas_field,03310.jpg,train
8,stadium,03311.jpg,train
8,stadium,03312.jpg,train
9,storage_tank,03313.jpg,train
6,runway_mark,03314.jpg,train
5,plane,03315.jpg,train
5,plane,03316.jpg,train
7,ship,03317.jpg,train
4,parking_lot,03318.jpg,train
1,harbor,03319.jpg,train
7,ship,03320.jpg,train
4,parking_lot,03321.jpg,train
3,oil_gas_field,03322.jpg,train
2,helicopter,03323.jpg,train
2,helicopter,03324.jpg,train
9,storage_tank,03325.jpg,train
2,helicopter,03326.jpg,train
7,ship,03327.jpg,train
3,oil_gas_field,03328.jpg,train
8,stadium,03329.jpg,train
7,ship,03330.jpg,train
2,helicopter,03331.jpg,train
1,harbor,03332.jpg,train
8,stadium,03333.jpg,train
1,harbor,03334.jpg,train
0,car,03335.jpg,train
3,oil_gas_field,03336.jpg,train
1,harbor,03337.jpg,train
7,ship,03338.jpg,train
8,stadium,03339.jpg,train
3,oil_gas_field,03340.jpg,train
7,ship,03341.jpg,train
8,stadium,03342.jpg,train
9,storage_tank,03343.jpg,train
9,storage_tank,03344.jpg,train
7,ship,03345.jpg,train
6,runway_mark,03346.jpg,train
9,storage_tank,03347.jpg,train
4,parking_lot,03348.jpg,train
8,stadium,03349.jpg,train
1,harbor,03350.jpg,train
5,plane,03351.jpg,train
4,parking_lot,03352.jpg,train
8,stadium,03353.jpg,train
4,parking_lot,03354.jpg,train
6,runway_mark,03355.jpg,train
4,parking_lot,03356.jpg,train
9,storage_tank,03357.jpg,train
1,harbor,03358.jpg,train
5,plane,03359.jpg,train
0,car,03360.jpg,train
3,oil_gas_field,03361.jpg,train
8,stadium,03362.jpg,train
8,stadium,03363.jpg,train
8,stadium,03364.jpg,train
8,stadium,03365.jpg,train
9,storage_tank,03366.jpg,train
9,storage_tank,03367.jpg,train
5,plane,03368.jpg,train
4,parking_lot,03369.jpg,train
7,ship,03370.jpg,train
1,harbor,03371.jpg,train
1,harbor,03372.jpg,train
8,stadium,03373.jpg,train
5,plane,03374.jpg,train
6,runway_mark,03375.jpg,train
1,harbor,03376.jpg,train
8,stadium,03377.jpg,train
4,parking_lot,03378.jpg,train
8,stadium,03379.jpg,train
5,plane,03380.jpg,train
6,runway_mark,03381.jpg,train
5,plane,03382.jpg,train
3,oil_gas_field,03383.jpg,train
9,storage_tank,03384.jpg,train
1,harbor,03385.jpg,train
3,oil_gas_field,03386.jpg,train
9,storage_tank,03387.jpg,train
9,storage_tank,03388.jpg,train
1,harbor,03389.jpg,train
3,oil_gas_field,03390.jpg,train
7,ship,03391.jpg,train
4,parking_lot,03392.jpg,train
4,parking_lot,03393.jpg,train
6,runway_mark,03394.jpg,train
1,harbor,03395.jpg,train
7,ship,03396.jpg,train
3,oil_gas_field,03397.jpg,train
5,plane,03398.jpg,train
3,oil_gas_field,03399.jpg,train
1,harbor,03400.jpg,train
6,runway_mark,03401.jpg,train
4,parking_lot,03402.jpg,train
7,ship,03403.jpg,train
2,helicopter,03404.jpg,train
9,storage_tank,03405.jpg,train
5,plane,03406.jpg,train
9,storage_tank,03407.jpg,train
3,oil_gas_field,03408.jpg,train
0,car,03409.jpg,train
2,helicopter,03410.jpg,train
4,parking_lot,03411.jpg,train
8,stadium,03412.jpg,train
9,storage_tank,03413.jpg,train
9,storage_tank,03414.jpg,train
8,stadium,03415.jpg,train
1,harbor,03416.jpg,train
2,helicopter,03417.jpg,train
1,harbor,03418.jpg,train
4,parking_lot,03419.jpg,train
9,storage_tank,03420.jpg,train
3,oil_gas_field,03421.jpg,train
5,plane,03422.jpg,train
9,storage_tank,03423.jpg,train
0,car,03424.jpg,train
9,storage_tank,03425.jpg,train
1,harbor,03426.jpg,train
4,parking_lot,03427.jpg,train
5,plane,03428.jpg,train
3,oil_gas_field,03429.jpg,train
7,ship,03430.jpg,train
5,plane,03431.jpg,train
0,car,03432.jpg,train
6,runway_mark,03433.jpg,train
3,oil_gas_field,03434.jpg,train
9,storage_tank,03435.jpg,train
0,car,03436.jpg,train
5,plane,03437.jpg,train
6,runway_mark,03438.jpg,train
3,oil_gas_field,03439.jpg,train
4,parking_lot,03440.jpg,train
3,oil_gas_field,03441.jpg,train
4,parking_lot,03442.jpg,train
2,helicopter,03443.jpg,train
4,parking_lot,03444.jpg,train
0,car,03445.jpg,train
5,plane,03446.jpg,train
9,storage_tank,03447.jpg,train
6,runway_mark,03448.jpg,train
6,runway_mark,03449.jpg,train
3,oil_gas_field,03450.jpg,train
4,parking_lot,03451.jpg,train
4,parking_lot,03452.jpg,train
5,plane,03453.jpg,train
3,oil_gas_field,03454.jpg,train
5,plane,03455.jpg,train
4,parking_lot,03456.jpg,train
0,car,03457.jpg,train
0,car,03458.jpg,train
6,runway_mark,03459.jpg,train
1,harbor,03460.jpg,train
9,storage_tank,03461.jpg,train
4,parking_lot,03462.jpg,train
2,helicopter,03463.jpg,train
6,runway_mark,03464.jpg,train
6,runway_mark,03465.jpg,train
3,oil_gas_field,03466.jpg,train
7,ship,03467.jpg,train
9,storage_tank,03468.jpg,train
1,harbor,03469.jpg,train
2,helicopter,03470.jpg,train
7,ship,03471.jpg,train
5,plane,03472.jpg,train
7,ship,03473.jpg,train
0,car,03474.jpg,train
0,car,03475.jpg,train
7,ship,03476.jpg,train
5,plane,03477.jpg,train
7,ship,03478.jpg,train
8,stadium,03479.jpg,train
4,parking_lot,03480.jpg,train
9,storage_tank,03481.jpg,train
5,plane,03482.jpg,train
1,harbor,03483.jpg,train
3,oil_gas_field,03484.jpg,train
1,harbor,03485.jpg,train
1,harbor,03486.jpg,train
4,parking_lot,03487.jpg,train
7,ship,03488.jpg,train
8,stadium,03489.jpg,train
4,parking_lot,03490.jpg,train
9,storage_tank,03491.jpg,train
7,ship,03492.jpg,train
6,runway_mark,03493.jpg,train
1,harbor,03494.jpg,train
0,car,03495.jpg,train
3,oil_gas_field,03496.jpg,train
1,harbor,03497.jpg,train
8,stadium,03498.jpg,train
8,stadium,03499.jpg,train
7,ship,03500.jpg,train
8,stadium,03501.jpg,train
8,stadium,03502.jpg,train
2,helicopter,03503.jpg,train
3,oil_gas_field,03504.jpg,train
7,ship,03505.jpg,train
7,ship,03506.jpg,train
1,harbor,03507.jpg,train
3,oil_gas_field,03508.jpg,train
8,stadium,03509.jpg,train
5,plane,03510.jpg,train
9,storage_tank,03511.jpg,train
3,oil_gas_field,03512.jpg,train
1,harbor,03513.jpg,train
6,runway_mark,03514.jpg,train
3,oil_gas_field,03515.jpg,train
0,car,03516.jpg,train
0,car,03517.jpg,train
4,parking_lot,03518.jpg,train
9,storage_tank,03519.jpg,train
8,stadium,03520.jpg,train
5,plane,03521.jpg,train
3,oil_gas_field,03522.jpg,train
9,storage_tank,03523.jpg,train
3,oil_gas_field,03524.jpg,train
6,runway_mark,03525.jpg,train
0,car,03526.jpg,train
3,oil_gas_field,03527.jpg,train
5,plane,03528.jpg,train
5,plane,03529.jpg,train
1,harbor,03530.jpg,train
8,stadium,03531.jpg,train
8,stadium,03532.jpg,train
3,oil_gas_field,03533.jpg,train
4,parking_lot,03534.jpg,train
5,plane,03535.jpg,train
1,harbor,03536.jpg,train
6,runway_mark,03537.jpg,train
3,oil_gas_field,03538.jpg,train
7,ship,03539.jpg,train
3,oil_gas_field,03540.jpg,train
5,plane,03541.jpg,train
7,ship,03542.jpg,train
2,helicopter,03543.jpg,train
0,car,03544.jpg,train
8,stadium,03545.jpg,train
1,harbor,03546.jpg,train
6,runway_mark,03547.jpg,train
1,harbor,03548.jpg,train
1,harbor,03549.jpg,train
0,car,03550.jpg,train
6,runway_mark,03551.jpg,train
5,plane,03552.jpg,train
5,plane,03553.jpg,train
2,helicopter,03554.jpg,train
7,ship,03555.jpg,train
9,storage_tank,03556.jpg,train
7,ship,03557.jpg,train
2,helicopter,03558.jpg,train
7,ship,03559.jpg,train
2,helicopter,03560.jpg,train
7,ship,03561.jpg,train
0,car,03562.jpg,train
3,oil_gas_field,03563.jpg,train
4,parking_lot,03564.jpg,train
5,plane,03565.jpg,train
8,stadium,03566.jpg,train
0,car,03567.jpg,train
6,runway_mark,03568.jpg,train
1,harbor,03569.jpg,train
5,plane,03570.jpg,train
1,harbor,03571.jpg,train
3,oil_gas_field,03572.jpg,train
9,storage_tank,03573.jpg,train
7,ship,03574.jpg,train
3,oil_gas_field,03575.jpg,train
1,harbor,03576.jpg,train
3,oil_gas_field,03577.jpg,train
3,oil_gas_field,03578.jpg,train
0,car,03579.jpg,train
7,ship,03580.jpg,train
9,storage_tank,03581.jpg,train
6,runway_mark,03582.jpg,train
5,plane,03583.jpg,train
2,helicopter,03584.jpg,train
6,runway_mark,03585.jpg,train
6,runway_mark,03586.jpg,train
0,car,03587.jpg,train
3,oil_gas_field,03588.jpg,train
1,harbor,03589.jpg,train
0,car,03590.jpg,train
8,stadium,03591.jpg,train
8,stadium,03592.jpg,train
7,ship,03593.jpg,train
4,parking_lot,03594.jpg,train
0,car,03595.jpg,train
6,runway_mark,03596.jpg,train
1,harbor,03597.jpg,train
1,harbor,03598.jpg,train
1,harbor,03599.jpg,train
5,plane,03600.jpg,train
1,harbor,03601.jpg,train
1,harbor,03602.jpg,train
7,ship,03603.jpg,train
7,ship,03604.jpg,train
5,plane,03605.jpg,train
5,plane,03606.jpg,train
1,harbor,03607.jpg,train
0,car,03608.jpg,train
2,helicopter,03609.jpg,train
2,helicopter,03610.jpg,train
8,stadium,03611.jpg,train
0,car,03612.jpg,train
8,stadium,03613.jpg,train
6,runway_mark,03614.jpg,train
3,oil_gas_field,03615.jpg,train
0,car,03616.jpg,train
9,storage_tank,03617.jpg,train
9,storage_tank,03618.jpg,train
4,parking_lot,03619.jpg,train
3,oil_gas_field,03620.jpg,train
7,ship,03621.jpg,train
2,helicopter,03622.jpg,train
8,stadium,03623.jpg,train
5,plane,03624.jpg,train
0,car,03625.jpg,train
3,oil_gas_field,03626.jpg,train
5,plane,03627.jpg,train
6,runway_mark,03628.jpg,train
8,stadium,03629.jpg,train
1,harbor,03630.jpg,train
5,plane,03631.jpg,train
1,harbor,03632.jpg,train
4,parking_lot,03633.jpg,train
2,helicopter,03634.jpg,train
7,ship,03635.jpg,train
9,storage_tank,03636.jpg,train
0,car,03637.jpg,train
8,stadium,03638.jpg,train
7,ship,03639.jpg,train
9,storage_tank,03640.jpg,train
6,runway_mark,03641.jpg,train
8,stadium,03642.jpg,train
2,helicopter,03643.jpg,train
9,storage_tank,03644.jpg,train
0,car,03645.jpg,train
9,storage_tank,03646.jpg,train
6,runway_mark,03647.jpg,train
1,harbor,03648.jpg,train
3,oil_gas_field,03649.jpg,train
1,harbor,03650.jpg,train
8,stadium,03651.jpg,train
5,plane,03652.jpg,train
8,stadium,03653.jpg,train
4,parking_lot,03654.jpg,train
4,parking_lot,03655.jpg,train
4,parking_lot,03656.jpg,train
3,oil_gas_field,03657.jpg,train
6,runway_mark,03658.jpg,train
3,oil_gas_field,03659.jpg,train
1,harbor,03660.jpg,train
4,parking_lot,03661.jpg,train
8,stadium,03662.jpg,train
8,stadium,03663.jpg,train
7,ship,03664.jpg,train
2,helicopter,03665.jpg,train
4,parking_lot,03666.jpg,train
7,ship,03667.jpg,train
2,helicopter,03668.jpg,train
2,helicopter,03669.jpg,train
6,runway_mark,03670.jpg,train
5,plane,03671.jpg,train
5,plane,03672.jpg,train
8,stadium,03673.jpg,train
4,parking_lot,03674.jpg,train
1,harbor,03675.jpg,train
1,harbor,03676.jpg,train
4,parking_lot,03677.jpg,train
3,oil_gas_field,03678.jpg,train
0,car,03679.jpg,train
5,plane,03680.jpg,train
4,parking_lot,03681.jpg,train
2,helicopter,03682.jpg,train
5,plane,03683.jpg,train
5,plane,03684.jpg,train
2,helicopter,03685.jpg,train
1,harbor,03686.jpg,train
9,storage_tank,03687.jpg,train
2,helicopter,03688.jpg,train
7,ship,03689.jpg,train
1,harbor,03690.jpg,train
7,ship,03691.jpg,train
0,car,03692.jpg,train
9,storage_tank,03693.jpg,train
5,plane,03694.jpg,train
9,storage_tank,03695.jpg,train
3,oil_gas_field,03696.jpg,train
5,plane,03697.jpg,train
4,parking_lot,03698.jpg,train
4,parking_lot,03699.jpg,train
1,harbor,03700.jpg,train
9,storage_tank,03701.jpg,train
5,plane,03702.jpg,train
0,car,03703.jpg,train
2,helicopter,03704.jpg,train
9,storage_tank,03705.jpg,train
2,helicopter,03706.jpg,train
3,oil_gas_field,03707.jpg,train
6,runway_mark,03708.jpg,train
4,parking_lot,03709.jpg,train
0,car,03710.jpg,train
8,stadium,03711.jpg,train
3,oil_gas_field,03712.jpg,train
7,ship,03713.jpg,train
8,stadium,03714.jpg,train
9,storage_tank,03715.jpg,train
5,plane,03716.jpg,train
1,harbor,03717.jpg,train
1,harbor,03718.jpg,train
0,car,03719.jpg,train
1,harbor,03720.jpg,train
0,car,03721.jpg,train
7,ship,03722.jpg,train
2,helicopter,03723.jpg,train
7,ship,03724.jpg,train
3,oil_gas_field,03725.jpg,train
0,car,03726.jpg,train
6,runway_mark,03727.jpg,train
8,stadium,03728.jpg,train
1,harbor,03729.jpg,train
8,stadium,03730.jpg,train
0,car,03731.jpg,train
0,car,03732.jpg,train
9,storage_tank,03733.jpg,train
9,storage_tank,03734.jpg,train
2,helicopter,03735.jpg,train
3,oil_gas_field,03736.jpg,train
8,stadium,03737.jpg,train
0,car,03738.jpg,train
0,car,03739.jpg,train
2,helicopter,03740.jpg,train
4,parking_lot,03741.jpg,train
3,oil_gas_field,03742.jpg,train
6,runway_mark,03743.jpg,train
1,harbor,03744.jpg,train
0,car,03745.jpg,train
2,helicopter,03746.jpg,train
1,harbor,03747.jpg,train
3,oil_gas_field,03748.jpg,train
2,helicopter,03749.jpg,train
3,oil_gas_field,03750.jpg,train
1,harbor,03751.jpg,train
1,harbor,03752.jpg,train
5,plane,03753.jpg,train
8,stadium,03754.jpg,train
7,ship,03755.jpg,train
1,harbor,03756.jpg,train
6,runway_mark,03757.jpg,train
6,runway_mark,03758.jpg,train
4,parking_lot,03759.jpg,train
7,ship,03760.jpg,train
8,stadium,03761.jpg,train
5,plane,03762.jpg,train
3,oil_gas_field,03763.jpg,train
0,car,03764.jpg,train
3,oil_gas_field,03765.jpg,train
2,helicopter,03766.jpg,train
0,car,03767.jpg,train
3,oil_gas_field,03768.jpg,train
9,storage_tank,03769.jpg,train
2,helicopter,03770.jpg,train
8,stadium,03771.jpg,train
9,storage_tank,03772.jpg,train
0,car,03773.jpg,train
2,helicopter,03774.jpg,train
0,car,03775.jpg,train
7,ship,03776.jpg,train
7,ship,03777.jpg,train
7,ship,03778.jpg,train
4,parking_lot,03779.jpg,train
6,runway_mark,03780.jpg,train
9,storage_tank,03781.jpg,train
6,runway_mark,03782.jpg,train
0,car,03783.jpg,train
2,helicopter,03784.jpg,train
1,harbor,03785.jpg,train
9,storage_tank,03786.jpg,train
6,runway_mark,03787.jpg,train
4,parking_lot,03788.jpg,train
1,harbor,03789.jpg,train
7,ship,03790.jpg,train
5,plane,03791.jpg,train
8,stadium,03792.jpg,train
1,harbor,03793.jpg,train
7,ship,03794.jpg,train
0,car,03795.jpg,train
8,stadium,03796.jpg,train
5,plane,03797.jpg,train
7,ship,03798.jpg,train
4,parking_lot,03799.jpg,train
1,harbor,03800.jpg,train
3,oil_gas_field,03801.jpg,train
9,storage_tank,03802.jpg,train
7,ship,03803.jpg,train
1,harbor,03804.jpg,train
3,oil_gas_field,03805.jpg,train
2,helicopter,03806.jpg,train
6,runway_mark,03807.jpg,train
1,harbor,03808.jpg,train
6,runway_mark,03809.jpg,train
0,car,03810.jpg,train
7,ship,03811.jpg,train
0,car,03812.jpg,train
6,runway_mark,03813.jpg,train
9,storage_tank,03814.jpg,train
5,plane,03815.jpg,train
8,stadium,03816.jpg,train
1,harbor,03817.jpg,train
6,runway_mark,03818.jpg,train
7,ship,03819.jpg,train
4,parking_lot,03820.jpg,train
6,runway_mark,03821.jpg,train
2,helicopter,03822.jpg,train
3,oil_gas_field,03823.jpg,train
7,ship,03824.jpg,train
7,ship,03825.jpg,train
1,harbor,03826.jpg,train
9,storage_tank,03827.jpg,train
4,parking_lot,03828.jpg,train
4,parking_lot,03829.jpg,train
3,oil_gas_field,03830.jpg,train
4,parking_lot,03831.jpg,train
4,parking_lot,03832.jpg,train
6,runway_mark,03833.jpg,train
6,runway_mark,03834.jpg,train
0,car,03835.jpg,train
0,car,03836.jpg,train
1,harbor,03837.jpg,train
8,stadium,03838.jpg,train
7,ship,03839.jpg,train
6,runway_mark,03840.jpg,train
7,ship,03841.jpg,train
6,runway_mark,03842.jpg,train
9,storage_tank,03843.jpg,train
4,parking_lot,03844.jpg,train
4,parking_lot,03845.jpg,train
0,car,03846.jpg,train
8,stadium,03847.jpg,train
4,parking_lot,03848.jpg,train
2,helicopter,03849.jpg,train
2,helicopter,03850.jpg,train
1,harbor,03851.jpg,train
2,helicopter,03852.jpg,train
5,plane,03853.jpg,train
8,stadium,03854.jpg,train
1,harbor,03855.jpg,train
1,harbor,03856.jpg,train
0,car,03857.jpg,train
5,plane,03858.jpg,train
9,storage_tank,03859.jpg,train
5,plane,03860.jpg,train
7,ship,03861.jpg,train
0,car,03862.jpg,train
3,oil_gas_field,03863.jpg,train
8,stadium,03864.jpg,train
4,parking_lot,03865.jpg,train
0,car,03866.jpg,train
1,harbor,03867.jpg,train
2,helicopter,03868.jpg,train
9,storage_tank,03869.jpg,train
7,ship,03870.jpg,train
1,harbor,03871.jpg,train
2,helicopter,03872.jpg,train
9,storage_tank,03873.jpg,train
1,harbor,03874.jpg,train
2,helicopter,03875.jpg,train
6,runway_mark,03876.jpg,train
3,oil_gas_field,03877.jpg,train
0,car,03878.jpg,train
7,ship,03879.jpg,train
6,runway_mark,03880.jpg,train
6,runway_mark,03881.jpg,train
6,runway_mark,03882.jpg,train
3,oil_gas_field,03883.jpg,train
6,runway_mark,03884.jpg,train
2,helicopter,03885.jpg,train
6,runway_mark,03886.jpg,train
6,runway_mark,03887.jpg,train
7,ship,03888.jpg,train
5,plane,03889.jpg,train
6,runway_mark,03890.jpg,train
8,stadium,03891.jpg,train
7,ship,03892.jpg,train
5,plane,03893.jpg,train
5,plane,03894.jpg,train
9,storage_tank,03895.jpg,train
2,helicopter,03896.jpg,train
6,runway_mark,03897.jpg,train
4,parking_lot,03898.jpg,train
3,oil_gas_field,03899.jpg,train
7,ship,03900.jpg,train
1,harbor,03901.jpg,train
0,car,03902.jpg,train
4,parking_lot,03903.jpg,train
2,helicopter,03904.jpg,train
7,ship,03905.jpg,train
2,helicopter,03906.jpg,train
4,parking_lot,03907.jpg,train
0,car,03908.jpg,train
2,helicopter,03909.jpg,train
6,runway_mark,03910.jpg,train
4,parking_lot,03911.jpg,train
9,storage_tank,03912.jpg,train
8,stadium,03913.jpg,train
7,ship,03914.jpg,train
4,parking_lot,03915.jpg,train
0,car,03916.jpg,train
9,storage_tank,03917.jpg,train
4,parking_lot,03918.jpg,train
0,car,03919.jpg,train
4,parking_lot,03920.jpg,train
0,car,03921.jpg,train
1,harbor,03922.jpg,train
5,plane,03923.jpg,train
7,ship,03924.jpg,train
1,harbor,03925.jpg,train
0,car,03926.jpg,train
7,ship,03927.jpg,train
6,runway_mark,03928.jpg,train
3,oil_gas_field,03929.jpg,train
7,ship,03930.jpg,train
9,storage_tank,03931.jpg,train
8,stadium,03932.jpg,train
4,parking_lot,03933.jpg,train
1,harbor,03934.jpg,train
2,helicopter,03935.jpg,train
7,ship,03936.jpg,train
3,oil_gas_field,03937.jpg,train
5,plane,03938.jpg,train
0,car,03939.jpg,train
7,ship,03940.jpg,train
2,helicopter,03941.jpg,train
3,oil_gas_field,03942.jpg,train
2,helicopter,03943.jpg,train
2,helicopter,03944.jpg,train
4,parking_lot,03945.jpg,train
9,storage_tank,03946.jpg,train
3,oil_gas_field,03947.jpg,train
5,plane,03948.jpg,train
5,plane,03949.jpg,train
2,helicopter,03950.jpg,train
9,storage_tank,03951.jpg,train
6,runway_mark,03952.jpg,train
9,storage_tank,03953.jpg,train
4,parking_lot,03954.jpg,train
6,runway_mark,03955.jpg,train
6,runway_mark,03956.jpg,train
8,stadium,03957.jpg,train
8,stadium,03958.jpg,train
5,plane,03959.jpg,train
5,plane,03960.jpg,train
3,oil_gas_field,03961.jpg,train
0,car,03962.jpg,train
6,runway_mark,03963.jpg,train
9,storage_tank,03964.jpg,train
4,parking_lot,03965.jpg,train
8,stadium,03966.jpg,train
9,storage_tank,03967.jpg,train
9,storage_tank,03968.jpg,train
7,ship,03969.jpg,train
4,parking_lot,03970.jpg,train
9,storage_tank,03971.jpg,train
4,parking_lot,03972.jpg,train
1,harbor,03973.jpg,train
7,ship,03974.jpg,train
8,stadium,03975.jpg,train
0,car,03976.jpg,train
8,stadium,03977.jpg,train
1,harbor,03978.jpg,train
6,runway_mark,03979.jpg,train
9,storage_tank,03980.jpg,train
1,harbor,03981.jpg,train
8,stadium,03982.jpg,train
2,helicopter,03983.jpg,train
0,car,03984.jpg,train
1,harbor,03985.jpg,train
0,car,03986.jpg,train
7,ship,03987.jpg,train
0,car,03988.jpg,train
9,storage_tank,03989.jpg,train
4,parking_lot,03990.jpg,train
4,parking_lot,03991.jpg,train
0,car,03992.jpg,train
0,car,03993.jpg,train
0,car,03994.jpg,train
1,harbor,03995.jpg,train
2,helicopter,03996.jpg,train
9,storage_tank,03997.jpg,train
1,harbor,03998.jpg,train
2,helicopter,03999.jpg,train
9,storage_tank,04000.jpg,train
0,car,04001.jpg,train
9,storage_tank,04002.jpg,train
8,stadium,04003.jpg,train
9,storage_tank,04004.jpg,train
6,runway_mark,04005.jpg,train
3,oil_gas_field,04006.jpg,train
5,plane,04007.jpg,train
3,oil_gas_field,04008.jpg,train
5,plane,04009.jpg,train
5,plane,04010.jpg,train
1,harbor,04011.jpg,train
9,storage_tank,04012.jpg,train
8,stadium,04013.jpg,train
9,storage_tank,04014.jpg,train
1,harbor,04015.jpg,train
9,storage_tank,04016.jpg,train
8,stadium,04017.jpg,train
3,oil_gas_field,04018.jpg,train
0,car,04019.jpg,train
0,car,04020.jpg,train
5,plane,04021.jpg,train
0,car,04022.jpg,train
5,plane,04023.jpg,train
7,ship,04024.jpg,train
2,helicopter,04025.jpg,train
8,stadium,04026.jpg,train
0,car,04027.jpg,train
5,plane,04028.jpg,train
2,helicopter,04029.jpg,train
1,harbor,04030.jpg,train
3,oil_gas_field,04031.jpg,train
9,storage_tank,04032.jpg,train
6,runway_mark,04033.jpg,train
4,parking_lot,04034.jpg,train
3,oil_gas_field,04035.jpg,train
8,stadium,04036.jpg,train
5,plane,04037.jpg,train
9,storage_tank,04038.jpg,train
3,oil_gas_field,04039.jpg,train
4,parking_lot,04040.jpg,train
8,stadium,04041.jpg,train
2,helicopter,04042.jpg,train
8,stadium,04043.jpg,train
8,stadium,04044.jpg,train
1,harbor,04045.jpg,train
7,ship,04046.jpg,train
1,harbor,04047.jpg,train
2,helicopter,04048.jpg,train
8,stadium,04049.jpg,train
7,ship,04050.jpg,train
5,plane,04051.jpg,train
2,helicopter,04052.jpg,train
1,harbor,04053.jpg,train
9,storage_tank,04054.jpg,train
5,plane,04055.jpg,train
2,helicopter,04056.jpg,train
8,stadium,04057.jpg,train
7,ship,04058.jpg,train
4,parking_lot,04059.jpg,train
4,parking_lot,04060.jpg,train
7,ship,04061.jpg,train
2,helicopter,04062.jpg,train
8,stadium,04063.jpg,train
7,ship,04064.jpg,train
6,runway_mark,04065.jpg,train
7,ship,04066.jpg,train
6,runway_mark,04067.jpg,train
6,runway_mark,04068.jpg,train
7,ship,04069.jpg,train
3,oil_gas_field,04070.jpg,train
0,car,04071.jpg,train
5,plane,04072.jpg,train
3,oil_gas_field,04073.jpg,train
5,plane,04074.jpg,train
1,harbor,04075.jpg,train
2,helicopter,04076.jpg,train
4,parking_lot,04077.jpg,train
6,runway_mark,04078.jpg,train
5,plane,04079.jpg,train
3,oil_gas_field,04080.jpg,train
1,harbor,04081.jpg,train
9,storage_tank,04082.jpg,train
0,car,04083.jpg,train
8,stadium,04084.jpg,train
4,parking_lot,04085.jpg,train
5,plane,04086.jpg,train
6,runway_mark,04087.jpg,train
4,parking_lot,04088.jpg,train
9,storage_tank,04089.jpg,train
6,runway_mark,04090.jpg,train
9,storage_tank,04091.jpg,train
5,plane,04092.jpg,train
4,parking_lot,04093.jpg,train
6,runway_mark,04094.jpg,train
4,parking_lot,04095.jpg,train
7,ship,04096.jpg,train
3,oil_gas_field,04097.jpg,train
8,stadium,04098.jpg,train
9,storage_tank,04099.jpg,train
3,oil_gas_field,04100.jpg,train
7,ship,04101.jpg,train
9,storage_tank,04102.jpg,train
4,parking_lot,04103.jpg,train
7,ship,04104.jpg,train
0,car,04105.jpg,train
0,car,04106.jpg,train
1,harbor,04107.jpg,train
8,stadium,04108.jpg,train
2,helicopter,04109.jpg,train
7,ship,04110.jpg,train
7,ship,04111.jpg,train
7,ship,04112.jpg,train
2,helicopter,04113.jpg,train
6,runway_mark,04114.jpg,train
6,runway_mark,04115.jpg,train
8,stadium,04116.jpg,train
8,stadium,04117.jpg,train
6,runway_mark,04118.jpg,train
2,helicopter,04119.jpg,train
9,storage_tank,04120.jpg,train
4,parking_lot,04121.jpg,train
1,harbor,04122.jpg,train
3,oil_gas_field,04123.jpg,train
5,plane,04124.jpg,train
5,plane,04125.jpg,train
4,parking_lot,04126.jpg,train
2,helicopter,04127.jpg,train
9,storage_tank,04128.jpg,train
1,harbor,04129.jpg,train
9,storage_tank,04130.jpg,train
1,harbor,04131.jpg,train
2,helicopter,04132.jpg,train
8,stadium,04133.jpg,train
5,plane,04134.jpg,train
7,ship,04135.jpg,train
0,car,04136.jpg,train
5,plane,04137.jpg,train
1,harbor,04138.jpg,train
9,storage_tank,04139.jpg,train
3,oil_gas_field,04140.jpg,train
9,storage_tank,04141.jpg,train
2,helicopter,04142.jpg,train
0,car,04143.jpg,train
1,harbor,04144.jpg,train
4,parking_lot,04145.jpg,train
9,storage_tank,04146.jpg,train
6,runway_mark,04147.jpg,train
2,helicopter,04148.jpg,train
8,stadium,04149.jpg,train
4,parking_lot,04150.jpg,train
8,stadium,04151.jpg,train
3,oil_gas_field,04152.jpg,train
6,runway_mark,04153.jpg,train
7,ship,04154.jpg,train
6,runway_mark,04155.jpg,train
4,parking_lot,04156.jpg,train
0,car,04157.jpg,train
3,oil_gas_field,04158.jpg,train
3,oil_gas_field,04159.jpg,train
9,storage_tank,04160.jpg,train
4,parking_lot,04161.jpg,train
4,parking_lot,04162.jpg,train
9,storage_tank,04163.jpg,train
5,plane,04164.jpg,train
7,ship,04165.jpg,train
8,stadium,04166.jpg,train
3,oil_gas_field,04167.jpg,train
5,plane,04168.jpg,train
8,stadium,04169.jpg,train
8,stadium,04170.jpg,train
0,car,04171.jpg,train
9,storage_tank,04172.jpg,train
3,oil_gas_field,04173.jpg,train
5,plane,04174.jpg,train
7,ship,04175.jpg,train
6,runway_mark,04176.jpg,train
0,car,04177.jpg,train
1,harbor,04178.jpg,train
3,oil_gas_field,04179.jpg,train
0,car,04180.jpg,train
7,ship,04181.jpg,train
3,oil_gas_field,04182.jpg,train
3,oil_gas_field,04183.jpg,train
9,storage_tank,04184.jpg,train
0,car,04185.jpg,train
2,helicopter,04186.jpg,train
8,stadium,04187.jpg,train
1,harbor,04188.jpg,train
9,storage_tank,04189.jpg,train
5,plane,04190.jpg,train
9,storage_tank,04191.jpg,train
3,oil_gas_field,04192.jpg,train
7,ship,04193.jpg,train
3,oil_gas_field,04194.jpg,train
3,oil_gas_field,04195.jpg,train
7,ship,04196.jpg,train
4,parking_lot,04197.jpg,train
5,plane,04198.jpg,train
5,plane,04199.jpg,train
3,oil_gas_field,04200.jpg,train
7,ship,04201.jpg,train
4,parking_lot,04202.jpg,train
3,oil_gas_field,04203.jpg,train
0,car,04204.jpg,train
4,parking_lot,04205.jpg,train
8,stadium,04206.jpg,train
5,plane,04207.jpg,train
9,storage_tank,04208.jpg,train
4,parking_lot,04209.jpg,train
0,car,04210.jpg,train
7,ship,04211.jpg,train
3,oil_gas_field,04212.jpg,train
6,runway_mark,04213.jpg,train
1,harbor,04214.jpg,train
0,car,04215.jpg,train
7,ship,04216.jpg,train
8,stadium,04217.jpg,train
1,harbor,04218.jpg,train
5,plane,04219.jpg,train
9,storage_tank,04220.jpg,train
7,ship,04221.jpg,train
2,helicopter,04222.jpg,train
1,harbor,04223.jpg,train
8,stadium,04224.jpg,train
0,car,04225.jpg,train
5,plane,04226.jpg,train
9,storage_tank,04227.jpg,train
7,ship,04228.jpg,train
6,runway_mark,04229.jpg,train
2,helicopter,04230.jpg,train
6,runway_mark,04231.jpg,train
3,oil_gas_field,04232.jpg,train
7,ship,04233.jpg,train
1,harbor,04234.jpg,train
6,runway_mark,04235.jpg,train
8,stadium,04236.jpg,train
5,plane,04237.jpg,train
9,storage_tank,04238.jpg,train
7,ship,04239.jpg,train
7,ship,04240.jpg,train
4,parking_lot,04241.jpg,train
8,stadium,04242.jpg,train
0,car,04243.jpg,train
6,runway_mark,04244.jpg,train
8,stadium,04245.jpg,train
5,plane,04246.jpg,train
6,runway_mark,04247.jpg,train
9,storage_tank,04248.jpg,train
8,stadium,04249.jpg,train
9,storage_tank,04250.jpg,train
7,ship,04251.jpg,train
7,ship,04252.jpg,train
7,ship,04253.jpg,train
7,ship,04254.jpg,train
9,storage_tank,04255.jpg,train
0,car,04256.jpg,train
7,ship,04257.jpg,train
7,ship,04258.jpg,train
4,parking_lot,04259.jpg,train
5,plane,04260.jpg,train
0,car,04261.jpg,train
1,harbor,04262.jpg,train
9,storage_tank,04263.jpg,train
7,ship,04264.jpg,train
5,plane,04265.jpg,train
1,harbor,04266.jpg,train
4,parking_lot,04267.jpg,train
1,harbor,04268.jpg,train
3,oil_gas_field,04269.jpg,train
8,stadium,04270.jpg,train
7,ship,04271.jpg,train
8,stadium,04272.jpg,train
3,oil_gas_field,04273.jpg,train
0,car,04274.jpg,train
8,stadium,04275.jpg,train
4,parking_lot,04276.jpg,train
1,harbor,04277.jpg,train
8,stadium,04278.jpg,train
5,plane,04279.jpg,train
2,helicopter,04280.jpg,train
7,ship,04281.jpg,train
7,ship,04282.jpg,train
4,parking_lot,04283.jpg,train
6,runway_mark,04284.jpg,train
0,car,04285.jpg,train
8,stadium,04286.jpg,train
9,storage_tank,04287.jpg,train
6,runway_mark,04288.jpg,train
6,runway_mark,04289.jpg,train
0,car,04290.jpg,train
6,runway_mark,04291.jpg,train
8,stadium,04292.jpg,train
2,helicopter,04293.jpg,train
9,storage_tank,04294.jpg,train
0,car,04295.jpg,train
1,harbor,04296.jpg,train
0,car,04297.jpg,train
3,oil_gas_field,04298.jpg,train
9,storage_tank,04299.jpg,train
7,ship,04300.jpg,train
6,runway_mark,04301.jpg,train
3,oil_gas_field,04302.jpg,train
9,storage_tank,04303.jpg,train
6,runway_mark,04304.jpg,train
9,storage_tank,04305.jpg,train
8,stadium,04306.jpg,train
8,stadium,04307.jpg,train
8,stadium,04308.jpg,train
6,runway_mark,04309.jpg,train
2,helicopter,04310.jpg,train
9,storage_tank,04311.jpg,train
6,runway_mark,04312.jpg,train
9,storage_tank,04313.jpg,train
1,harbor,04314.jpg,train
3,oil_gas_field,04315.jpg,train
3,oil_gas_field,04316.jpg,train
8,stadium,04317.jpg,train
4,parking_lot,04318.jpg,train
1,harbor,04319.jpg,train
0,car,04320.jpg,train
8,stadium,04321.jpg,train
9,storage_tank,04322.jpg,train
8,stadium,04323.jpg,train
6,runway_mark,04324.jpg,train
4,parking_lot,04325.jpg,train
5,plane,04326.jpg,train
1,harbor,04327.jpg,train
2,helicopter,04328.jpg,train
7,ship,04329.jpg,train
7,ship,04330.jpg,train
8,stadium,04331.jpg,train
9,storage_tank,04332.jpg,train
5,plane,04333.jpg,train
1,harbor,04334.jpg,train
3,oil_gas_field,04335.jpg,train
4,parking_lot,04336.jpg,train
5,plane,04337.jpg,train
7,ship,04338.jpg,train
2,helicopter,04339.jpg,train
6,runway_mark,04340.jpg,train
5,plane,04341.jpg,train
9,storage_tank,04342.jpg,train
9,storage_tank,04343.jpg,train
1,harbor,04344.jpg,train
0,car,04345.jpg,train
7,ship,04346.jpg,train
6,runway_mark,04347.jpg,train
1,harbor,04348.jpg,train
7,ship,04349.jpg,train
3,oil_gas_field,04350.jpg,train
2,helicopter,04351.jpg,train
3,oil_gas_field,04352.jpg,train
5,plane,04353.jpg,train
3,oil_gas_field,04354.jpg,train
6,runway_mark,04355.jpg,train
4,parking_lot,04356.jpg,train
4,parking_lot,04357.jpg,train
9,storage_tank,04358.jpg,train
6,runway_mark,04359.jpg,train
6,runway_mark,04360.jpg,train
9,storage_tank,04361.jpg,train
4,parking_lot,04362.jpg,train
3,oil_gas_field,04363.jpg,train
3,oil_gas_field,04364.jpg,train
8,stadium,04365.jpg,train
2,helicopter,04366.jpg,train
0,car,04367.jpg,train
8,stadium,04368.jpg,train
6,runway_mark,04369.jpg,train
5,plane,04370.jpg,train
6,runway_mark,04371.jpg,train
6,runway_mark,04372.jpg,train
1,harbor,04373.jpg,train
5,plane,04374.jpg,train
0,car,04375.jpg,train
6,runway_mark,04376.jpg,train
7,ship,04377.jpg,train
7,ship,04378.jpg,train
6,runway_mark,04379.jpg,train
0,car,04380.jpg,train
7,ship,04381.jpg,train
0,car,04382.jpg,train
8,stadium,04383.jpg,train
4,parking_lot,04384.jpg,train
9,storage_tank,04385.jpg,train
2,helicopter,04386.jpg,train
6,runway_mark,04387.jpg,train
8,stadium,04388.jpg,train
1,harbor,04389.jpg,train
1,harbor,04390.jpg,train
4,parking_lot,04391.jpg,train
5,plane,04392.jpg,train
8,stadium,04393.jpg,train
1,harbor,04394.jpg,train
1,harbor,04395.jpg,train
1,harbor,04396.jpg,train
0,car,04397.jpg,train
4,parking_lot,04398.jpg,train
4,parking_lot,04399.jpg,train
4,parking_lot,04400.jpg,train
2,helicopter,04401.jpg,train
1,harbor,04402.jpg,train
1,harbor,04403.jpg,train
0,car,04404.jpg,train
3,oil_gas_field,04405.jpg,train
9,storage_tank,04406.jpg,train
7,ship,04407.jpg,train
1,harbor,04408.jpg,train
3,oil_gas_field,04409.jpg,train
5,plane,04410.jpg,train
7,ship,04411.jpg,train
1,harbor,04412.jpg,train
5,plane,04413.jpg,train
3,oil_gas_field,04414.jpg,train
7,ship,04415.jpg,train
7,ship,04416.jpg,train
5,plane,04417.jpg,train
7,ship,04418.jpg,train
5,plane,04419.jpg,train
4,parking_lot,04420.jpg,train
5,plane,04421.jpg,train
3,oil_gas_field,04422.jpg,train
8,stadium,04423.jpg,train
7,ship,04424.jpg,train
9,storage_tank,04425.jpg,train
4,parking_lot,04426.jpg,train
8,stadium,04427.jpg,train
5,plane,04428.jpg,train
5,plane,04429.jpg,train
9,storage_tank,04430.jpg,train
8,stadium,04431.jpg,train
2,helicopter,04432.jpg,train
0,car,04433.jpg,train
3,oil_gas_field,04434.jpg,train
4,parking_lot,04435.jpg,train
8,stadium,04436.jpg,train
8,stadium,04437.jpg,train
6,runway_mark,04438.jpg,train
6,runway_mark,04439.jpg,train
6,runway_mark,04440.jpg,train
1,harbor,04441.jpg,train
3,oil_gas_field,04442.jpg,train
3,oil_gas_field,04443.jpg,train
9,storage_tank,04444.jpg,train
8,stadium,04445.jpg,train
0,car,04446.jpg,train
7,ship,04447.jpg,train
6,runway_mark,04448.jpg,train
0,car,04449.jpg,train
0,car,04450.jpg,train
3,oil_gas_field,04451.jpg,train
2,helicopter,04452.jpg,train
1,harbor,04453.jpg,train
3,oil_gas_field,04454.jpg,train
5,plane,04455.jpg,train
0,car,04456.jpg,train
0,car,04457.jpg,train
1,harbor,04458.jpg,train
2,helicopter,04459.jpg,train
0,car,04460.jpg,train
9,storage_tank,04461.jpg,train
9,storage_tank,04462.jpg,train
3,oil_gas_field,04463.jpg,train
0,car,04464.jpg,train
3,oil_gas_field,04465.jpg,train
3,oil_gas_field,04466.jpg,train
5,plane,04467.jpg,train
9,storage_tank,04468.jpg,train
8,stadium,04469.jpg,train
4,parking_lot,04470.jpg,train
7,ship,04471.jpg,train
6,runway_mark,04472.jpg,train
9,storage_tank,04473.jpg,train
6,runway_mark,04474.jpg,train
8,stadium,04475.jpg,train
4,parking_lot,04476.jpg,train
6,runway_mark,04477.jpg,train
1,harbor,04478.jpg,train
0,car,04479.jpg,train
5,plane,04480.jpg,train
3,oil_gas_field,04481.jpg,train
0,car,04482.jpg,train
4,parking_lot,04483.jpg,train
6,runway_mark,04484.jpg,train
2,helicopter,04485.jpg,train
7,ship,04486.jpg,train
0,car,04487.jpg,train
1,harbor,04488.jpg,train
5,plane,04489.jpg,train
5,plane,04490.jpg,train
6,runway_mark,04491.jpg,train
2,helicopter,04492.jpg,train
5,plane,04493.jpg,train
8,stadium,04494.jpg,train
2,helicopter,04495.jpg,train
8,stadium,04496.jpg,train
0,car,04497.jpg,train
7,ship,04498.jpg,train
0,car,04499.jpg,train
8,stadium,04500.jpg,train
3,oil_gas_field,04501.jpg,train
5,plane,04502.jpg,train
3,oil_gas_field,04503.jpg,train
6,runway_mark,04504.jpg,train
3,oil_gas_field,04505.jpg,train
2,helicopter,04506.jpg,train
8,stadium,04507.jpg,train
2,helicopter,04508.jpg,train
5,plane,04509.jpg,train
9,storage_tank,04510.jpg,train
9,storage_tank,04511.jpg,train
0,car,04512.jpg,train
9,storage_tank,04513.jpg,train
6,runway_mark,04514.jpg,train
4,parking_lot,04515.jpg,train
1,harbor,04516.jpg,train
7,ship,04517.jpg,train
1,harbor,04518.jpg,train
5,plane,04519.jpg,train
1,harbor,04520.jpg,train
4,parking_lot,04521.jpg,train
3,oil_gas_field,04522.jpg,train
6,runway_mark,04523.jpg,train
3,oil_gas_field,04524.jpg,train
4,parking_lot,04525.jpg,train
1,harbor,04526.jpg,train
4,parking_lot,04527.jpg,train
7,ship,04528.jpg,train
1,harbor,04529.jpg,train
8,stadium,04530.jpg,train
1,harbor,04531.jpg,train
9,storage_tank,04532.jpg,train
6,runway_mark,04533.jpg,train
2,helicopter,04534.jpg,train
0,car,04535.jpg,train
0,car,04536.jpg,train
7,ship,04537.jpg,train
2,helicopter,04538.jpg,train
1,harbor,04539.jpg,train
7,ship,04540.jpg,train
3,oil_gas_field,04541.jpg,train
0,car,04542.jpg,train
4,parking_lot,04543.jpg,train
7,ship,04544.jpg,train
7,ship,04545.jpg,train
3,oil_gas_field,04546.jpg,train
5,plane,04547.jpg,train
4,parking_lot,04548.jpg,train
4,parking_lot,04549.jpg,train
4,parking_lot,04550.jpg,train
9,storage_tank,04551.jpg,train
1,harbor,04552.jpg,train
7,ship,04553.jpg,train
0,car,04554.jpg,train
4,parking_lot,04555.jpg,train
8,stadium,04556.jpg,train
9,storage_tank,04557.jpg,train
7,ship,04558.jpg,train
5,plane,04559.jpg,train
0,car,04560.jpg,train
3,oil_gas_field,04561.jpg,train
7,ship,04562.jpg,train
2,helicopter,04563.jpg,train
5,plane,04564.jpg,train
7,ship,04565.jpg,train
1,harbor,04566.jpg,train
6,runway_mark,04567.jpg,train
7,ship,04568.jpg,train
6,runway_mark,04569.jpg,train
6,runway_mark,04570.jpg,train
2,helicopter,04571.jpg,train
3,oil_gas_field,04572.jpg,train
5,plane,04573.jpg,train
9,storage_tank,04574.jpg,train
9,storage_tank,04575.jpg,train
1,harbor,04576.jpg,train
7,ship,04577.jpg,train
7,ship,04578.jpg,train
2,helicopter,04579.jpg,train
7,ship,04580.jpg,train
4,parking_lot,04581.jpg,train
7,ship,04582.jpg,train
0,car,04583.jpg,train
8,stadium,04584.jpg,train
5,plane,04585.jpg,train
4,parking_lot,04586.jpg,train
6,runway_mark,04587.jpg,train
8,stadium,04588.jpg,train
6,runway_mark,04589.jpg,train
4,parking_lot,04590.jpg,train
8,stadium,04591.jpg,train
6,runway_mark,04592.jpg,train
8,stadium,04593.jpg,train
7,ship,04594.jpg,train
9,storage_tank,04595.jpg,train
6,runway_mark,04596.jpg,train
2,helicopter,04597.jpg,train
5,plane,04598.jpg,train
9,storage_tank,04599.jpg,train
2,helicopter,04600.jpg,train
4,parking_lot,04601.jpg,train
6,runway_mark,04602.jpg,train
5,plane,04603.jpg,train
4,parking_lot,04604.jpg,train
8,stadium,04605.jpg,train
2,helicopter,04606.jpg,train
5,plane,04607.jpg,train
1,harbor,04608.jpg,train
7,ship,04609.jpg,train
9,storage_tank,04610.jpg,train
1,harbor,04611.jpg,train
2,helicopter,04612.jpg,train
7,ship,04613.jpg,train
7,ship,04614.jpg,train
4,parking_lot,04615.jpg,train
1,harbor,04616.jpg,train
2,helicopter,04617.jpg,train
3,oil_gas_field,04618.jpg,train
6,runway_mark,04619.jpg,train
7,ship,04620.jpg,train
0,car,04621.jpg,train
2,helicopter,04622.jpg,train
3,oil_gas_field,04623.jpg,train
9,storage_tank,04624.jpg,train
6,runway_mark,04625.jpg,train
8,stadium,04626.jpg,train
1,harbor,04627.jpg,train
8,stadium,04628.jpg,train
5,plane,04629.jpg,train
7,ship,04630.jpg,train
6,runway_mark,04631.jpg,train
1,harbor,04632.jpg,train
5,plane,04633.jpg,train
2,helicopter,04634.jpg,train
1,harbor,04635.jpg,train
1,harbor,04636.jpg,train
1,harbor,04637.jpg,train
3,oil_gas_field,04638.jpg,train
7,ship,04639.jpg,train
3,oil_gas_field,04640.jpg,train
8,stadium,04641.jpg,train
0,car,04642.jpg,train
8,stadium,04643.jpg,train
0,car,04644.jpg,train
9,storage_tank,04645.jpg,train
9,storage_tank,04646.jpg,train
3,oil_gas_field,04647.jpg,train
4,parking_lot,04648.jpg,train
9,storage_tank,04649.jpg,train
9,storage_tank,04650.jpg,train
3,oil_gas_field,04651.jpg,train
1,harbor,04652.jpg,train
0,car,04653.jpg,train
0,car,04654.jpg,train
3,oil_gas_field,04655.jpg,train
1,harbor,04656.jpg,train
4,parking_lot,04657.jpg,train
7,ship,04658.jpg,train
4,parking_lot,04659.jpg,train
8,stadium,04660.jpg,train
9,storage_tank,04661.jpg,train
7,ship,04662.jpg,train
2,helicopter,04663.jpg,train
5,plane,04664.jpg,train
7,ship,04665.jpg,train
1,harbor,04666.jpg,train
4,parking_lot,04667.jpg,train
0,car,04668.jpg,train
5,plane,04669.jpg,train
2,helicopter,04670.jpg,train
2,helicopter,04671.jpg,train
1,harbor,04672.jpg,train
3,oil_gas_field,04673.jpg,train
3,oil_gas_field,04674.jpg,train
7,ship,04675.jpg,train
9,storage_tank,04676.jpg,train
0,car,04677.jpg,train
5,plane,04678.jpg,train
8,stadium,04679.jpg,train
6,runway_mark,04680.jpg,train
9,storage_tank,04681.jpg,train
6,runway_mark,04682.jpg,train
6,runway_mark,04683.jpg,train
4,parking_lot,04684.jpg,train
7,ship,04685.jpg,train
2,helicopter,04686.jpg,train
5,plane,04687.jpg,train
4,parking_lot,04688.jpg,train
1,harbor,04689.jpg,train
5,plane,04690.jpg,train
0,car,04691.jpg,train
0,car,04692.jpg,train
9,storage_tank,04693.jpg,train
8,stadium,04694.jpg,train
7,ship,04695.jpg,train
3,oil_gas_field,04696.jpg,train
6,runway_mark,04697.jpg,train
5,plane,04698.jpg,train
8,stadium,04699.jpg,train
1,harbor,04700.jpg,train
4,parking_lot,04701.jpg,train
9,storage_tank,04702.jpg,train
7,ship,04703.jpg,train
3,oil_gas_field,04704.jpg,train
1,harbor,04705.jpg,train
5,plane,04706.jpg,train
1,harbor,04707.jpg,train
4,parking_lot,04708.jpg,train
5,plane,04709.jpg,train
4,parking_lot,04710.jpg,train
3,oil_gas_field,04711.jpg,train
7,ship,04712.jpg,train
0,car,04713.jpg,train
0,car,04714.jpg,train
6,runway_mark,04715.jpg,train
0,car,04716.jpg,train
4,parking_lot,04717.jpg,train
0,car,04718.jpg,train
6,runway_mark,04719.jpg,train
9,storage_tank,04720.jpg,train
0,car,04721.jpg,train
5,plane,04722.jpg,train
2,helicopter,04723.jpg,train
4,parking_lot,04724.jpg,train
2,helicopter,04725.jpg,train
0,car,04726.jpg,train
6,runway_mark,04727.jpg,train
7,ship,04728.jpg,train
7,ship,04729.jpg,train
9,storage_tank,04730.jpg,train
5,plane,04731.jpg,train
7,ship,04732.jpg,train
9,storage_tank,04733.jpg,train
2,helicopter,04734.jpg,train
4,parking_lot,04735.jpg,train
0,car,04736.jpg,train
4,parking_lot,04737.jpg,train
6,runway_mark,04738.jpg,train
0,car,04739.jpg,train
0,car,04740.jpg,train
7,ship,04741.jpg,train
1,harbor,04742.jpg,train
9,storage_tank,04743.jpg,train
9,storage_tank,04744.jpg,train
0,car,04745.jpg,train
2,helicopter,04746.jpg,train
4,parking_lot,04747.jpg,train
5,plane,04748.jpg,train
4,parking_lot,04749.jpg,train
3,oil_gas_field,04750.jpg,train
6,runway_mark,04751.jpg,train
9,storage_tank,04752.jpg,train
8,stadium,04753.jpg,train
4,parking_lot,04754.jpg,train
5,plane,04755.jpg,train
0,car,04756.jpg,train
1,harbor,04757.jpg,train
2,helicopter,04758.jpg,train
8,stadium,04759.jpg,train
1,harbor,04760.jpg,train
1,harbor,04761.jpg,train
2,helicopter,04762.jpg,train
5,plane,04763.jpg,train
8,stadium,04764.jpg,train
1,harbor,04765.jpg,train
1,harbor,04766.jpg,train
4,parking_lot,04767.jpg,train
5,plane,04768.jpg,train
9,storage_tank,04769.jpg,train
6,runway_mark,04770.jpg,train
9,storage_tank,04771.jpg,train
8,stadium,04772.jpg,train
3,oil_gas_field,04773.jpg,train
3,oil_gas_field,04774.jpg,train
5,plane,04775.jpg,train
2,helicopter,04776.jpg,train
4,parking_lot,04777.jpg,train
9,storage_tank,04778.jpg,train
6,runway_mark,04779.jpg,train
5,plane,04780.jpg,train
9,storage_tank,04781.jpg,train
2,helicopter,04782.jpg,train
0,car,04783.jpg,train
9,storage_tank,04784.jpg,train
2,helicopter,04785.jpg,train
1,harbor,04786.jpg,train
9,storage_tank,04787.jpg,train
1,harbor,04788.jpg,train
9,storage_tank,04789.jpg,train
5,plane,04790.jpg,train
3,oil_gas_field,04791.jpg,train
0,car,04792.jpg,train
9,storage_tank,04793.jpg,train
9,storage_tank,04794.jpg,train
3,oil_gas_field,04795.jpg,train
8,stadium,04796.jpg,train
2,helicopter,04797.jpg,train
8,stadium,04798.jpg,train
0,car,04799.jpg,train
7,ship,04800.jpg,train
6,runway_mark,04801.jpg,train
7,ship,04802.jpg,train
3,oil_gas_field,04803.jpg,train
6,runway_mark,04804.jpg,train
5,plane,04805.jpg,train
5,plane,04806.jpg,train
6,runway_mark,04807.jpg,train
1,harbor,04808.jpg,train
0,car,04809.jpg,train
4,parking_lot,04810.jpg,train
4,parking_lot,04811.jpg,train
5,plane,04812.jpg,train
1,harbor,04813.jpg,train
7,ship,04814.jpg,train
2,helicopter,04815.jpg,train
1,harbor,04816.jpg,train
7,ship,04817.jpg,train
8,stadium,04818.jpg,train
5,plane,04819.jpg,train
8,stadium,04820.jpg,train
4,parking_lot,04821.jpg,train
2,helicopter,04822.jpg,train
8,stadium,04823.jpg,train
2,helicopter,04824.jpg,train
9,storage_tank,04825.jpg,train
7,ship,04826.jpg,train
3,oil_gas_field,04827.jpg,train
4,parking_lot,04828.jpg,train
4,parking_lot,04829.jpg,train
5,plane,04830.jpg,train
4,parking_lot,04831.jpg,train
0,car,04832.jpg,train
5,plane,04833.jpg,train
1,harbor,04834.jpg,train
7,ship,04835.jpg,train
8,stadium,04836.jpg,train
3,oil_gas_field,04837.jpg,train
0,car,04838.jpg,train
9,storage_tank,04839.jpg,train
2,helicopter,04840.jpg,train
1,harbor,04841.jpg,train
3,oil_gas_field,04842.jpg,train
3,oil_gas_field,04843.jpg,train
1,harbor,04844.jpg,train
0,car,04845.jpg,train
9,storage_tank,04846.jpg,train
9,storage_tank,04847.jpg,train
3,oil_gas_field,04848.jpg,train
5,plane,04849.jpg,train
5,plane,04850.jpg,train
6,runway_mark,04851.jpg,train
0,car,04852.jpg,train
7,ship,04853.jpg,train
2,helicopter,04854.jpg,train
0,car,04855.jpg,train
9,storage_tank,04856.jpg,train
8,stadium,04857.jpg,train
4,parking_lot,04858.jpg,train
2,helicopter,04859.jpg,train
5,plane,04860.jpg,train
3,oil_gas_field,04861.jpg,train
7,ship,04862.jpg,train
3,oil_gas_field,04863.jpg,train
1,harbor,04864.jpg,train
7,ship,04865.jpg,train
4,parking_lot,04866.jpg,train
1,harbor,04867.jpg,train
6,runway_mark,04868.jpg,train
4,parking_lot,04869.jpg,train
7,ship,04870.jpg,train
7,ship,04871.jpg,train
6,runway_mark,04872.jpg,train
5,plane,04873.jpg,train
1,harbor,04874.jpg,train
4,parking_lot,04875.jpg,train
8,stadium,04876.jpg,train
6,runway_mark,04877.jpg,train
4,parking_lot,04878.jpg,train
8,stadium,04879.jpg,train
0,car,04880.jpg,train
7,ship,04881.jpg,train
0,car,04882.jpg,train
3,oil_gas_field,04883.jpg,train
6,runway_mark,04884.jpg,train
5,plane,04885.jpg,train
7,ship,04886.jpg,train
1,harbor,04887.jpg,train
5,plane,04888.jpg,train
4,parking_lot,04889.jpg,train
5,plane,04890.jpg,train
1,harbor,04891.jpg,train
7,ship,04892.jpg,train
4,parking_lot,04893.jpg,train
2,helicopter,04894.jpg,train
7,ship,04895.jpg,train
1,harbor,04896.jpg,train
2,helicopter,04897.jpg,train
4,parking_lot,04898.jpg,train
5,plane,04899.jpg,train
8,stadium,04900.jpg,train
6,runway_mark,04901.jpg,train
1,harbor,04902.jpg,train
4,parking_lot,04903.jpg,train
5,plane,04904.jpg,train
3,oil_gas_field,04905.jpg,train
8,stadium,04906.jpg,train
6,runway_mark,04907.jpg,train
0,car,04908.jpg,train
1,harbor,04909.jpg,train
1,harbor,04910.jpg,train
1,harbor,04911.jpg,train
7,ship,04912.jpg,train
3,oil_gas_field,04913.jpg,train
9,storage_tank,04914.jpg,train
4,parking_lot,04915.jpg,train
5,plane,04916.jpg,train
0,car,04917.jpg,train
6,runway_mark,04918.jpg,train
1,harbor,04919.jpg,train
3,oil_gas_field,04920.jpg,train
3,oil_gas_field,04921.jpg,train
7,ship,04922.jpg,train
9,storage_tank,04923.jpg,train
2,helicopter,04924.jpg,train
6,runway_mark,04925.jpg,train
9,storage_tank,04926.jpg,train
1,harbor,04927.jpg,train
8,stadium,04928.jpg,train
3,oil_gas_field,04929.jpg,train
5,plane,04930.jpg,train
3,oil_gas_field,04931.jpg,train
6,runway_mark,04932.jpg,train
9,storage_tank,04933.jpg,train
0,car,04934.jpg,train
7,ship,04935.jpg,train
6,runway_mark,04936.jpg,train
0,car,04937.jpg,train
5,plane,04938.jpg,train
3,oil_gas_field,04939.jpg,train
8,stadium,04940.jpg,train
9,storage_tank,04941.jpg,train
4,parking_lot,04942.jpg,train
0,car,04943.jpg,train
2,helicopter,04944.jpg,train
9,storage_tank,04945.jpg,train
1,harbor,04946.jpg,train
4,parking_lot,04947.jpg,train
8,stadium,04948.jpg,train
6,runway_mark,04949.jpg,train
7,ship,04950.jpg,train
7,ship,04951.jpg,train
4,parking_lot,04952.jpg,train
4,parking_lot,04953.jpg,train
8,stadium,04954.jpg,train
1,harbor,04955.jpg,train
9,storage_tank,04956.jpg,train
2,helicopter,04957.jpg,train
2,helicopter,04958.jpg,train
4,parking_lot,04959.jpg,train
3,oil_gas_field,04960.jpg,train
8,stadium,04961.jpg,train
9,storage_tank,04962.jpg,train
8,stadium,04963.jpg,train
7,ship,04964.jpg,train
5,plane,04965.jpg,train
5,plane,04966.jpg,train
2,helicopter,04967.jpg,train
6,runway_mark,04968.jpg,train
6,runway_mark,04969.jpg,train
9,storage_tank,04970.jpg,train
3,oil_gas_field,04971.jpg,train
0,car,04972.jpg,train
4,parking_lot,04973.jpg,train
0,car,04974.jpg,train
8,stadium,04975.jpg,train
2,helicopter,04976.jpg,train
2,helicopter,04977.jpg,train
6,runway_mark,04978.jpg,train
1,harbor,04979.jpg,train
9,storage_tank,04980.jpg,train
9,storage_tank,04981.jpg,train
0,car,04982.jpg,train
0,car,04983.jpg,train
7,ship,04984.jpg,train
7,ship,04985.jpg,train
3,oil_gas_field,04986.jpg,train
9,storage_tank,04987.jpg,train
0,car,04988.jpg,train
7,ship,04989.jpg,train
4,parking_lot,04990.jpg,train
5,plane,04991.jpg,train
1,harbor,04992.jpg,train
0,car,04993.jpg,train
0,car,04994.jpg,train
4,parking_lot,04995.jpg,train
2,helicopter,04996.jpg,train
2,helicopter,04997.jpg,train
4,parking_lot,04998.jpg,train
8,stadium,04999.jpg,train
2,helicopter,05000.jpg,train
4,parking_lot,05001.jpg,train
8,stadium,05002.jpg,train
0,car,05003.jpg,train
4,parking_lot,05004.jpg,train
0,car,05005.jpg,train
4,parking_lot,05006.jpg,train
8,stadium,05007.jpg,train
3,oil_gas_field,05008.jpg,train
0,car,05009.jpg,train
0,car,05010.jpg,train
3,oil_gas_field,05011.jpg,train
2,helicopter,05012.jpg,train
8,stadium,05013.jpg,train
3,oil_gas_field,05014.jpg,train
6,runway_mark,05015.jpg,train
1,harbor,05016.jpg,train
8,stadium,05017.jpg,train
6,runway_mark,05018.jpg,train
5,plane,05019.jpg,train
4,parking_lot,05020.jpg,train
0,car,05021.jpg,train
6,runway_mark,05022.jpg,train
3,oil_gas_field,05023.jpg,train
9,storage_tank,05024.jpg,train
0,car,05025.jpg,train
3,oil_gas_field,05026.jpg,train
2,helicopter,05027.jpg,train
9,storage_tank,05028.jpg,train
3,oil_gas_field,05029.jpg,train
0,car,05030.jpg,train
4,parking_lot,05031.jpg,train
5,plane,05032.jpg,train
2,helicopter,05033.jpg,train
8,stadium,05034.jpg,train
5,plane,05035.jpg,train
1,harbor,05036.jpg,train
1,harbor,05037.jpg,train
5,plane,05038.jpg,train
4,parking_lot,05039.jpg,train
1,harbor,05040.jpg,train
7,ship,05041.jpg,train
4,parking_lot,05042.jpg,train
0,car,05043.jpg,train
9,storage_tank,05044.jpg,train
4,parking_lot,05045.jpg,train
8,stadium,05046.jpg,train
6,runway_mark,05047.jpg,train
0,car,05048.jpg,train
4,parking_lot,05049.jpg,train
0,car,05050.jpg,train
9,storage_tank,05051.jpg,train
1,harbor,05052.jpg,train
3,oil_gas_field,05053.jpg,train
5,plane,05054.jpg,train
0,car,05055.jpg,train
9,storage_tank,05056.jpg,train
5,plane,05057.jpg,train
4,parking_lot,05058.jpg,train
7,ship,05059.jpg,train
5,plane,05060.jpg,train
4,parking_lot,05061.jpg,train
9,storage_tank,05062.jpg,train
1,harbor,05063.jpg,train
6,runway_mark,05064.jpg,train
9,storage_tank,05065.jpg,train
9,storage_tank,05066.jpg,train
0,car,05067.jpg,train
7,ship,05068.jpg,train
6,runway_mark,05069.jpg,train
2,helicopter,05070.jpg,train
6,runway_mark,05071.jpg,train
4,parking_lot,05072.jpg,train
0,car,05073.jpg,train
7,ship,05074.jpg,train
4,parking_lot,05075.jpg,train
2,helicopter,05076.jpg,train
4,parking_lot,05077.jpg,train
4,parking_lot,05078.jpg,train
5,plane,05079.jpg,train
0,car,05080.jpg,train
8,stadium,05081.jpg,train
7,ship,05082.jpg,train
4,parking_lot,05083.jpg,train
3,oil_gas_field,05084.jpg,train
5,plane,05085.jpg,train
9,storage_tank,05086.jpg,train
8,stadium,05087.jpg,train
0,car,05088.jpg,train
6,runway_mark,05089.jpg,train
8,stadium,05090.jpg,train
1,harbor,05091.jpg,train
2,helicopter,05092.jpg,train
4,parking_lot,05093.jpg,train
3,oil_gas_field,05094.jpg,train
2,helicopter,05095.jpg,train
8,stadium,05096.jpg,train
9,storage_tank,05097.jpg,train
7,ship,05098.jpg,train
0,car,05099.jpg,train
7,ship,05100.jpg,train
6,runway_mark,05101.jpg,train
4,parking_lot,05102.jpg,train
9,storage_tank,05103.jpg,train
6,runway_mark,05104.jpg,train
2,helicopter,05105.jpg,train
7,ship,05106.jpg,train
1,harbor,05107.jpg,train
2,helicopter,05108.jpg,train
7,ship,05109.jpg,train
1,harbor,05110.jpg,train
6,runway_mark,05111.jpg,train
9,storage_tank,05112.jpg,train
8,stadium,05113.jpg,train
8,stadium,05114.jpg,train
6,runway_mark,05115.jpg,train
7,ship,05116.jpg,train
2,helicopter,05117.jpg,train
0,car,05118.jpg,train
3,oil_gas_field,05119.jpg,train
7,ship,05120.jpg,train
0,car,05121.jpg,train
8,stadium,05122.jpg,train
3,oil_gas_field,05123.jpg,train
5,plane,05124.jpg,train
8,stadium,05125.jpg,train
0,car,05126.jpg,train
1,harbor,05127.jpg,train
5,plane,05128.jpg,train
7,ship,05129.jpg,train
4,parking_lot,05130.jpg,train
7,ship,05131.jpg,train
9,storage_tank,05132.jpg,train
6,runway_mark,05133.jpg,train
7,ship,05134.jpg,train
0,car,05135.jpg,train
1,harbor,05136.jpg,train
8,stadium,05137.jpg,train
7,ship,05138.jpg,train
7,ship,05139.jpg,train
7,ship,05140.jpg,train
9,storage_tank,05141.jpg,train
3,oil_gas_field,05142.jpg,train
3,oil_gas_field,05143.jpg,train
2,helicopter,05144.jpg,train
5,plane,05145.jpg,train
9,storage_tank,05146.jpg,train
6,runway_mark,05147.jpg,train
2,helicopter,05148.jpg,train
6,runway_mark,05149.jpg,train
9,storage_tank,05150.jpg,train
6,runway_mark,05151.jpg,train
4,parking_lot,05152.jpg,train
5,plane,05153.jpg,train
1,harbor,05154.jpg,train
6,runway_mark,05155.jpg,train
2,helicopter,05156.jpg,train
9,storage_tank,05157.jpg,train
1,harbor,05158.jpg,train
9,storage_tank,05159.jpg,train
0,car,05160.jpg,train
1,harbor,05161.jpg,train
7,ship,05162.jpg,train
5,plane,05163.jpg,train
5,plane,05164.jpg,train
4,parking_lot,05165.jpg,train
0,car,05166.jpg,train
9,storage_tank,05167.jpg,train
1,harbor,05168.jpg,train
8,stadium,05169.jpg,train
1,harbor,05170.jpg,train
1,harbor,05171.jpg,train
8,stadium,05172.jpg,train
6,runway_mark,05173.jpg,train
4,parking_lot,05174.jpg,train
9,storage_tank,05175.jpg,train
7,ship,05176.jpg,train
5,plane,05177.jpg,train
4,parking_lot,05178.jpg,train
6,runway_mark,05179.jpg,train
1,harbor,05180.jpg,train
1,harbor,05181.jpg,train
8,stadium,05182.jpg,train
8,stadium,05183.jpg,train
3,oil_gas_field,05184.jpg,train
9,storage_tank,05185.jpg,train
5,plane,05186.jpg,train
4,parking_lot,05187.jpg,train
6,runway_mark,05188.jpg,train
0,car,05189.jpg,train
8,stadium,05190.jpg,train
3,oil_gas_field,05191.jpg,train
8,stadium,05192.jpg,train
8,stadium,05193.jpg,train
7,ship,05194.jpg,train
7,ship,05195.jpg,train
0,car,05196.jpg,train
3,oil_gas_field,05197.jpg,train
8,stadium,05198.jpg,train
6,runway_mark,05199.jpg,train
9,storage_tank,05200.jpg,train
9,storage_tank,05201.jpg,train
3,oil_gas_field,05202.jpg,train
8,stadium,05203.jpg,train
9,storage_tank,05204.jpg,train
3,oil_gas_field,05205.jpg,train
2,helicopter,05206.jpg,train
3,oil_gas_field,05207.jpg,train
2,helicopter,05208.jpg,train
4,parking_lot,05209.jpg,train
2,helicopter,05210.jpg,train
9,storage_tank,05211.jpg,train
0,car,05212.jpg,train
6,runway_mark,05213.jpg,train
1,harbor,05214.jpg,train
8,stadium,05215.jpg,train
6,runway_mark,05216.jpg,train
5,plane,05217.jpg,train
7,ship,05218.jpg,train
9,storage_tank,05219.jpg,train
8,stadium,05220.jpg,train
3,oil_gas_field,05221.jpg,train
9,storage_tank,05222.jpg,train
4,parking_lot,05223.jpg,train
8,stadium,05224.jpg,train
4,parking_lot,05225.jpg,train
0,car,05226.jpg,train
3,oil_gas_field,05227.jpg,train
5,plane,05228.jpg,train
1,harbor,05229.jpg,train
5,plane,05230.jpg,train
3,oil_gas_field,05231.jpg,train
7,ship,05232.jpg,train
7,ship,05233.jpg,train
0,car,05234.jpg,train
7,ship,05235.jpg,train
7,ship,05236.jpg,train
7,ship,05237.jpg,train
5,plane,05238.jpg,train
1,harbor,05239.jpg,train
7,ship,05240.jpg,train
5,plane,05241.jpg,train
7,ship,05242.jpg,train
8,stadium,05243.jpg,train
6,runway_mark,05244.jpg,train
8,stadium,05245.jpg,train
5,plane,05246.jpg,train
3,oil_gas_field,05247.jpg,train
2,helicopter,05248.jpg,train
9,storage_tank,05249.jpg,train
4,parking_lot,05250.jpg,train
4,parking_lot,05251.jpg,train
4,parking_lot,05252.jpg,train
1,harbor,05253.jpg,train
1,harbor,05254.jpg,train
4,parking_lot,05255.jpg,train
8,stadium,05256.jpg,train
3,oil_gas_field,05257.jpg,train
9,storage_tank,05258.jpg,train
0,car,05259.jpg,train
0,car,05260.jpg,train
3,oil_gas_field,05261.jpg,train
2,helicopter,05262.jpg,train
2,helicopter,05263.jpg,train
5,plane,05264.jpg,train
8,stadium,05265.jpg,train
5,plane,05266.jpg,train
7,ship,05267.jpg,train
7,ship,05268.jpg,train
3,oil_gas_field,05269.jpg,train
3,oil_gas_field,05270.jpg,train
9,storage_tank,05271.jpg,train
5,plane,05272.jpg,train
0,car,05273.jpg,train
9,storage_tank,05274.jpg,train
0,car,05275.jpg,train
0,car,05276.jpg,train
5,plane,05277.jpg,train
7,ship,05278.jpg,train
5,plane,05279.jpg,train
3,oil_gas_field,05280.jpg,train
8,stadium,05281.jpg,train
0,car,05282.jpg,train
6,runway_mark,05283.jpg,train
1,harbor,05284.jpg,train
6,runway_mark,05285.jpg,train
4,parking_lot,05286.jpg,train
3,oil_gas_field,05287.jpg,train
7,ship,05288.jpg,train
5,plane,05289.jpg,train
8,stadium,05290.jpg,train
0,car,05291.jpg,train
8,stadium,05292.jpg,train
6,runway_mark,05293.jpg,train
2,helicopter,05294.jpg,train
0,car,05295.jpg,train
5,plane,05296.jpg,train
4,parking_lot,05297.jpg,train
4,parking_lot,05298.jpg,train
0,car,05299.jpg,train
9,storage_tank,05300.jpg,train
2,helicopter,05301.jpg,train
4,parking_lot,05302.jpg,train
1,harbor,05303.jpg,train
7,ship,05304.jpg,train
1,harbor,05305.jpg,train
2,helicopter,05306.jpg,train
9,storage_tank,05307.jpg,train
9,storage_tank,05308.jpg,train
5,plane,05309.jpg,train
0,car,05310.jpg,train
7,ship,05311.jpg,train
9,storage_tank,05312.jpg,train
8,stadium,05313.jpg,train
0,car,05314.jpg,train
0,car,05315.jpg,train
9,storage_tank,05316.jpg,train
9,storage_tank,05317.jpg,train
0,car,05318.jpg,train
4,parking_lot,05319.jpg,train
2,helicopter,05320.jpg,train
9,storage_tank,05321.jpg,train
0,car,05322.jpg,train
8,stadium,05323.jpg,train
9,storage_tank,05324.jpg,train
6,runway_mark,05325.jpg,train
0,car,05326.jpg,train
5,plane,05327.jpg,train
1,harbor,05328.jpg,train
9,storage_tank,05329.jpg,train
8,stadium,05330.jpg,train
4,parking_lot,05331.jpg,train
3,oil_gas_field,05332.jpg,train
3,oil_gas_field,05333.jpg,train
7,ship,05334.jpg,train
8,stadium,05335.jpg,train
7,ship,05336.jpg,train
9,storage_tank,05337.jpg,train
4,parking_lot,05338.jpg,train
8,stadium,05339.jpg,train
9,storage_tank,05340.jpg,train
8,stadium,05341.jpg,train
6,runway_mark,05342.jpg,train
0,car,05343.jpg,train
0,car,05344.jpg,train
1,harbor,05345.jpg,train
0,car,05346.jpg,train
0,car,05347.jpg,train
6,runway_mark,05348.jpg,train
9,storage_tank,05349.jpg,train
1,harbor,05350.jpg,train
5,plane,05351.jpg,train
4,parking_lot,05352.jpg,train
7,ship,05353.jpg,train
6,runway_mark,05354.jpg,train
4,parking_lot,05355.jpg,train
6,runway_mark,05356.jpg,train
3,oil_gas_field,05357.jpg,train
5,plane,05358.jpg,train
9,storage_tank,05359.jpg,train
0,car,05360.jpg,train
8,stadium,05361.jpg,train
4,parking_lot,05362.jpg,train
2,helicopter,05363.jpg,train
5,plane,05364.jpg,train
5,plane,05365.jpg,train
9,storage_tank,05366.jpg,train
8,stadium,05367.jpg,train
8,stadium,05368.jpg,train
0,car,05369.jpg,train
8,stadium,05370.jpg,train
0,car,05371.jpg,train
1,harbor,05372.jpg,train
6,runway_mark,05373.jpg,train
4,parking_lot,05374.jpg,train
3,oil_gas_field,05375.jpg,train
6,runway_mark,05376.jpg,train
4,parking_lot,05377.jpg,train
4,parking_lot,05378.jpg,train
8,stadium,05379.jpg,train
4,parking_lot,05380.jpg,train
8,stadium,05381.jpg,train
2,helicopter,05382.jpg,train
8,stadium,05383.jpg,train
1,harbor,05384.jpg,train
7,ship,05385.jpg,train
7,ship,05386.jpg,train
8,stadium,05387.jpg,train
6,runway_mark,05388.jpg,train
4,parking_lot,05389.jpg,train
7,ship,05390.jpg,train
3,oil_gas_field,05391.jpg,train
7,ship,05392.jpg,train
3,oil_gas_field,05393.jpg,train
8,stadium,05394.jpg,train
7,ship,05395.jpg,train
5,plane,05396.jpg,train
9,storage_tank,05397.jpg,train
7,ship,05398.jpg,train
8,stadium,05399.jpg,train
5,plane,05400.jpg,train
1,harbor,05401.jpg,train
8,stadium,05402.jpg,train
4,parking_lot,05403.jpg,train
7,ship,05404.jpg,train
9,storage_tank,05405.jpg,train
3,oil_gas_field,05406.jpg,train
8,stadium,05407.jpg,train
5,plane,05408.jpg,train
7,ship,05409.jpg,train
9,storage_tank,05410.jpg,train
0,car,05411.jpg,train
6,runway_mark,05412.jpg,train
0,car,05413.jpg,train
4,parking_lot,05414.jpg,train
8,stadium,05415.jpg,train
7,ship,05416.jpg,train
6,runway_mark,05417.jpg,train
3,oil_gas_field,05418.jpg,train
1,harbor,05419.jpg,train
2,helicopter,05420.jpg,train
0,car,05421.jpg,train
7,ship,05422.jpg,train
7,ship,05423.jpg,train
7,ship,05424.jpg,train
5,plane,05425.jpg,train
9,storage_tank,05426.jpg,train
9,storage_tank,05427.jpg,train
6,runway_mark,05428.jpg,train
8,stadium,05429.jpg,train
1,harbor,05430.jpg,train
4,parking_lot,05431.jpg,train
2,helicopter,05432.jpg,train
4,parking_lot,05433.jpg,train
4,parking_lot,05434.jpg,train
0,car,05435.jpg,train
0,car,05436.jpg,train
3,oil_gas_field,05437.jpg,train
5,plane,05438.jpg,train
4,parking_lot,05439.jpg,train
4,parking_lot,05440.jpg,train
2,helicopter,05441.jpg,train
1,harbor,05442.jpg,train
5,plane,05443.jpg,train
4,parking_lot,05444.jpg,train
2,helicopter,05445.jpg,train
7,ship,05446.jpg,train
0,car,05447.jpg,train
6,runway_mark,05448.jpg,train
7,ship,05449.jpg,train
5,plane,05450.jpg,train
5,plane,05451.jpg,train
0,car,05452.jpg,train
1,harbor,05453.jpg,train
1,harbor,05454.jpg,train
3,oil_gas_field,05455.jpg,train
5,plane,05456.jpg,train
1,harbor,05457.jpg,train
9,storage_tank,05458.jpg,train
3,oil_gas_field,05459.jpg,train
3,oil_gas_field,05460.jpg,train
4,parking_lot,05461.jpg,train
9,storage_tank,05462.jpg,train
9,storage_tank,05463.jpg,train
8,stadium,05464.jpg,train
9,storage_tank,05465.jpg,train
2,helicopter,05466.jpg,train
0,car,05467.jpg,train
4,parking_lot,05468.jpg,train
6,runway_mark,05469.jpg,train
2,helicopter,05470.jpg,train
4,parking_lot,05471.jpg,train
2,helicopter,05472.jpg,train
0,car,05473.jpg,train
6,runway_mark,05474.jpg,train
5,plane,05475.jpg,train
5,plane,05476.jpg,train
9,storage_tank,05477.jpg,train
4,parking_lot,05478.jpg,train
5,plane,05479.jpg,train
5,plane,05480.jpg,train
0,car,05481.jpg,train
7,ship,05482.jpg,train
7,ship,05483.jpg,train
3,oil_gas_field,05484.jpg,train
0,car,05485.jpg,train
3,oil_gas_field,05486.jpg,train
9,storage_tank,05487.jpg,train
0,car,05488.jpg,train
0,car,05489.jpg,train
4,parking_lot,05490.jpg,train
2,helicopter,05491.jpg,train
4,parking_lot,05492.jpg,train
5,plane,05493.jpg,train
1,harbor,05494.jpg,train
7,ship,05495.jpg,train
9,storage_tank,05496.jpg,train
0,car,05497.jpg,train
5,plane,05498.jpg,train
8,stadium,05499.jpg,train
3,oil_gas_field,05500.jpg,train
5,plane,05501.jpg,train
0,car,05502.jpg,train
2,helicopter,05503.jpg,train
8,stadium,05504.jpg,train
7,ship,05505.jpg,train
4,parking_lot,05506.jpg,train
5,plane,05507.jpg,train
5,plane,05508.jpg,train
0,car,05509.jpg,train
3,oil_gas_field,05510.jpg,train
0,car,05511.jpg,train
8,stadium,05512.jpg,train
5,plane,05513.jpg,train
9,storage_tank,05514.jpg,train
6,runway_mark,05515.jpg,train
2,helicopter,05516.jpg,train
7,ship,05517.jpg,train
3,oil_gas_field,05518.jpg,train
8,stadium,05519.jpg,train
3,oil_gas_field,05520.jpg,train
9,storage_tank,05521.jpg,train
0,car,05522.jpg,train
9,storage_tank,05523.jpg,train
4,parking_lot,05524.jpg,train
0,car,05525.jpg,train
0,car,05526.jpg,train
4,parking_lot,05527.jpg,train
2,helicopter,05528.jpg,train
0,car,05529.jpg,train
7,ship,05530.jpg,train
9,storage_tank,05531.jpg,train
8,stadium,05532.jpg,train
3,oil_gas_field,05533.jpg,train
0,car,05534.jpg,train
9,storage_tank,05535.jpg,train
4,parking_lot,05536.jpg,train
9,storage_tank,05537.jpg,train
4,parking_lot,05538.jpg,train
3,oil_gas_field,05539.jpg,train
4,parking_lot,05540.jpg,train
0,car,05541.jpg,train
2,helicopter,05542.jpg,train
4,parking_lot,05543.jpg,train
0,car,05544.jpg,train
5,plane,05545.jpg,train
3,oil_gas_field,05546.jpg,train
5,plane,05547.jpg,train
1,harbor,05548.jpg,train
8,stadium,05549.jpg,train
0,car,05550.jpg,train
7,ship,05551.jpg,train
4,parking_lot,05552.jpg,train
4,parking_lot,05553.jpg,train
0,car,05554.jpg,train
3,oil_gas_field,05555.jpg,train
4,parking_lot,05556.jpg,train
2,helicopter,05557.jpg,train
5,plane,05558.jpg,train
0,car,05559.jpg,train
9,storage_tank,05560.jpg,train
6,runway_mark,05561.jpg,train
4,parking_lot,05562.jpg,train
8,stadium,05563.jpg,train
1,harbor,05564.jpg,train
2,helicopter,05565.jpg,train
3,oil_gas_field,05566.jpg,train
4,parking_lot,05567.jpg,train
2,helicopter,05568.jpg,train
4,parking_lot,05569.jpg,train
2,helicopter,05570.jpg,train
0,car,05571.jpg,train
5,plane,05572.jpg,train
5,plane,05573.jpg,train
5,plane,05574.jpg,train
5,plane,05575.jpg,train
7,ship,05576.jpg,train
7,ship,05577.jpg,train
3,oil_gas_field,05578.jpg,train
1,harbor,05579.jpg,train
3,oil_gas_field,05580.jpg,train
1,harbor,05581.jpg,train
2,helicopter,05582.jpg,train
1,harbor,05583.jpg,train
4,parking_lot,05584.jpg,train
2,helicopter,05585.jpg,train
1,harbor,05586.jpg,train
5,plane,05587.jpg,train
8,stadium,05588.jpg,train
7,ship,05589.jpg,train
0,car,05590.jpg,train
6,runway_mark,05591.jpg,train
0,car,05592.jpg,train
7,ship,05593.jpg,train
0,car,05594.jpg,train
0,car,05595.jpg,train
4,parking_lot,05596.jpg,train
0,car,05597.jpg,train
5,plane,05598.jpg,train
7,ship,05599.jpg,train
2,helicopter,05600.jpg,train
2,helicopter,05601.jpg,train
2,helicopter,05602.jpg,train
6,runway_mark,05603.jpg,train
3,oil_gas_field,05604.jpg,train
3,oil_gas_field,05605.jpg,train
1,harbor,05606.jpg,train
6,runway_mark,05607.jpg,train
7,ship,05608.jpg,train
4,parking_lot,05609.jpg,train
9,storage_tank,05610.jpg,train
0,car,05611.jpg,train
1,harbor,05612.jpg,train
6,runway_mark,05613.jpg,train
1,harbor,05614.jpg,train
3,oil_gas_field,05615.jpg,train
5,plane,05616.jpg,train
4,parking_lot,05617.jpg,train
8,stadium,05618.jpg,train
5,plane,05619.jpg,train
3,oil_gas_field,05620.jpg,train
8,stadium,05621.jpg,train
8,stadium,05622.jpg,train
6,runway_mark,05623.jpg,train
9,storage_tank,05624.jpg,train
0,car,05625.jpg,train
3,oil_gas_field,05626.jpg,train
7,ship,05627.jpg,train
0,car,05628.jpg,train
2,helicopter,05629.jpg,train
9,storage_tank,05630.jpg,train
9,storage_tank,05631.jpg,train
7,ship,05632.jpg,train
6,runway_mark,05633.jpg,train
2,helicopter,05634.jpg,train
4,parking_lot,05635.jpg,train
1,harbor,05636.jpg,train
5,plane,05637.jpg,train
7,ship,05638.jpg,train
8,stadium,05639.jpg,train
1,harbor,05640.jpg,train
7,ship,05641.jpg,train
1,harbor,05642.jpg,train
9,storage_tank,05643.jpg,train
7,ship,05644.jpg,train
0,car,05645.jpg,train
4,parking_lot,05646.jpg,train
4,parking_lot,05647.jpg,train
0,car,05648.jpg,train
4,parking_lot,05649.jpg,train
9,storage_tank,05650.jpg,train
9,storage_tank,05651.jpg,train
7,ship,05652.jpg,train
9,storage_tank,05653.jpg,train
6,runway_mark,05654.jpg,train
9,storage_tank,05655.jpg,train
5,plane,05656.jpg,train
3,oil_gas_field,05657.jpg,train
8,stadium,05658.jpg,train
5,plane,05659.jpg,train
4,parking_lot,05660.jpg,train
2,helicopter,05661.jpg,train
9,storage_tank,05662.jpg,train
1,harbor,05663.jpg,train
3,oil_gas_field,05664.jpg,train
5,plane,05665.jpg,train
8,stadium,05666.jpg,train
1,harbor,05667.jpg,train
7,ship,05668.jpg,train
0,car,05669.jpg,train
4,parking_lot,05670.jpg,train
5,plane,05671.jpg,train
6,runway_mark,05672.jpg,train
5,plane,05673.jpg,train
0,car,05674.jpg,train
3,oil_gas_field,05675.jpg,train
3,oil_gas_field,05676.jpg,train
3,oil_gas_field,05677.jpg,train
3,oil_gas_field,05678.jpg,train
4,parking_lot,05679.jpg,train
8,stadium,05680.jpg,train
2,helicopter,05681.jpg,train
3,oil_gas_field,05682.jpg,train
6,runway_mark,05683.jpg,train
0,car,05684.jpg,train
1,harbor,05685.jpg,train
0,car,05686.jpg,train
1,harbor,05687.jpg,train
4,parking_lot,05688.jpg,train
0,car,05689.jpg,train
5,plane,05690.jpg,train
2,helicopter,05691.jpg,train
1,harbor,05692.jpg,train
4,parking_lot,05693.jpg,train
7,ship,05694.jpg,train
7,ship,05695.jpg,train
1,harbor,05696.jpg,train
0,car,05697.jpg,train
1,harbor,05698.jpg,train
8,stadium,05699.jpg,train
0,car,05700.jpg,train
6,runway_mark,05701.jpg,train
9,storage_tank,05702.jpg,train
2,helicopter,05703.jpg,train
3,oil_gas_field,05704.jpg,train
8,stadium,05705.jpg,train
4,parking_lot,05706.jpg,train
0,car,05707.jpg,train
8,stadium,05708.jpg,train
1,harbor,05709.jpg,train
0,car,05710.jpg,train
4,parking_lot,05711.jpg,train
3,oil_gas_field,05712.jpg,train
1,harbor,05713.jpg,train
6,runway_mark,05714.jpg,train
3,oil_gas_field,05715.jpg,train
7,ship,05716.jpg,train
3,oil_gas_field,05717.jpg,train
5,plane,05718.jpg,train
1,harbor,05719.jpg,train
0,car,05720.jpg,train
5,plane,05721.jpg,train
0,car,05722.jpg,train
7,ship,05723.jpg,train
5,plane,05724.jpg,train
7,ship,05725.jpg,train
8,stadium,05726.jpg,train
6,runway_mark,05727.jpg,train
5,plane,05728.jpg,train
6,runway_mark,05729.jpg,train
1,harbor,05730.jpg,train
2,helicopter,05731.jpg,train
1,harbor,05732.jpg,train
5,plane,05733.jpg,train
0,car,05734.jpg,train
1,harbor,05735.jpg,train
8,stadium,05736.jpg,train
2,helicopter,05737.jpg,train
8,stadium,05738.jpg,train
2,helicopter,05739.jpg,train
7,ship,05740.jpg,train
1,harbor,05741.jpg,train
5,plane,05742.jpg,train
7,ship,05743.jpg,train
2,helicopter,05744.jpg,train
6,runway_mark,05745.jpg,train
4,parking_lot,05746.jpg,train
4,parking_lot,05747.jpg,train
7,ship,05748.jpg,train
3,oil_gas_field,05749.jpg,train
6,runway_mark,05750.jpg,train
9,storage_tank,05751.jpg,train
9,storage_tank,05752.jpg,train
6,runway_mark,05753.jpg,train
0,car,05754.jpg,train
5,plane,05755.jpg,train
3,oil_gas_field,05756.jpg,train
3,oil_gas_field,05757.jpg,train
6,runway_mark,05758.jpg,train
4,parking_lot,05759.jpg,train
9,storage_tank,05760.jpg,train
7,ship,05761.jpg,train
5,plane,05762.jpg,train
9,storage_tank,05763.jpg,train
9,storage_tank,05764.jpg,train
3,oil_gas_field,05765.jpg,train
7,ship,05766.jpg,train
5,plane,05767.jpg,train
6,runway_mark,05768.jpg,train
6,runway_mark,05769.jpg,train
7,ship,05770.jpg,train
9,storage_tank,05771.jpg,train
6,runway_mark,05772.jpg,train
3,oil_gas_field,05773.jpg,train
0,car,05774.jpg,train
6,runway_mark,05775.jpg,train
8,stadium,05776.jpg,train
0,car,05777.jpg,train
4,parking_lot,05778.jpg,train
4,parking_lot,05779.jpg,train
9,storage_tank,05780.jpg,train
9,storage_tank,05781.jpg,train
0,car,05782.jpg,train
1,harbor,05783.jpg,train
2,helicopter,05784.jpg,train
3,oil_gas_field,05785.jpg,train
9,storage_tank,05786.jpg,train
9,storage_tank,05787.jpg,train
6,runway_mark,05788.jpg,train
6,runway_mark,05789.jpg,train
6,runway_mark,05790.jpg,train
9,storage_tank,05791.jpg,train
1,harbor,05792.jpg,train
8,stadium,05793.jpg,train
9,storage_tank,05794.jpg,train
9,storage_tank,05795.jpg,train
0,car,05796.jpg,train
3,oil_gas_field,05797.jpg,train
8,stadium,05798.jpg,train
7,ship,05799.jpg,train
7,ship,05800.jpg,train
7,ship,05801.jpg,train
8,stadium,05802.jpg,train
4,parking_lot,05803.jpg,train
7,ship,05804.jpg,train
6,runway_mark,05805.jpg,train
7,ship,05806.jpg,train
0,car,05807.jpg,train
4,parking_lot,05808.jpg,train
3,oil_gas_field,05809.jpg,train
7,ship,05810.jpg,train
2,helicopter,05811.jpg,train
2,helicopter,05812.jpg,train
6,runway_mark,05813.jpg,train
3,oil_gas_field,05814.jpg,train
6,runway_mark,05815.jpg,train
7,ship,05816.jpg,train
7,ship,05817.jpg,train
4,parking_lot,05818.jpg,train
9,storage_tank,05819.jpg,train
8,stadium,05820.jpg,train
7,ship,05821.jpg,train
5,plane,05822.jpg,train
5,plane,05823.jpg,train
9,storage_tank,05824.jpg,train
1,harbor,05825.jpg,train
8,stadium,05826.jpg,train
4,parking_lot,05827.jpg,train
8,stadium,05828.jpg,train
2,helicopter,05829.jpg,train
7,ship,05830.jpg,train
8,stadium,05831.jpg,train
5,plane,05832.jpg,train
0,car,05833.jpg,train
3,oil_gas_field,05834.jpg,train
6,runway_mark,05835.jpg,train
4,parking_lot,05836.jpg,train
7,ship,05837.jpg,train
9,storage_tank,05838.jpg,train
7,ship,05839.jpg,train
6,runway_mark,05840.jpg,train
7,ship,05841.jpg,train
1,harbor,05842.jpg,train
9,storage_tank,05843.jpg,train
6,runway_mark,05844.jpg,train
3,oil_gas_field,05845.jpg,train
6,runway_mark,05846.jpg,train
7,ship,05847.jpg,train
1,harbor,05848.jpg,train
3,oil_gas_field,05849.jpg,train
4,parking_lot,05850.jpg,train
0,car,05851.jpg,train
7,ship,05852.jpg,train
4,parking_lot,05853.jpg,train
3,oil_gas_field,05854.jpg,train
1,harbor,05855.jpg,train
8,stadium,05856.jpg,train
5,plane,05857.jpg,train
2,helicopter,05858.jpg,train
9,storage_tank,05859.jpg,train
5,plane,05860.jpg,train
6,runway_mark,05861.jpg,train
1,harbor,05862.jpg,train
6,runway_mark,05863.jpg,train
9,storage_tank,05864.jpg,train
0,car,05865.jpg,train
1,harbor,05866.jpg,train
3,oil_gas_field,05867.jpg,train
7,ship,05868.jpg,train
7,ship,05869.jpg,train
5,plane,05870.jpg,train
9,storage_tank,05871.jpg,train
1,harbor,05872.jpg,train
8,stadium,05873.jpg,train
9,storage_tank,05874.jpg,train
9,storage_tank,05875.jpg,train
1,harbor,05876.jpg,train
4,parking_lot,05877.jpg,train
6,runway_mark,05878.jpg,train
7,ship,05879.jpg,train
0,car,05880.jpg,train
3,oil_gas_field,05881.jpg,train
8,stadium,05882.jpg,train
4,parking_lot,05883.jpg,train
0,car,05884.jpg,train
1,harbor,05885.jpg,train
4,parking_lot,05886.jpg,train
9,storage_tank,05887.jpg,train
8,stadium,05888.jpg,train
8,stadium,05889.jpg,train
4,parking_lot,05890.jpg,train
9,storage_tank,05891.jpg,train
4,parking_lot,05892.jpg,train
6,runway_mark,05893.jpg,train
5,plane,05894.jpg,train
1,harbor,05895.jpg,train
8,stadium,05896.jpg,train
7,ship,05897.jpg,train
1,harbor,05898.jpg,train
3,oil_gas_field,05899.jpg,train
9,storage_tank,05900.jpg,train
5,plane,05901.jpg,train
4,parking_lot,05902.jpg,train
2,helicopter,05903.jpg,train
3,oil_gas_field,05904.jpg,train
1,harbor,05905.jpg,train
2,helicopter,05906.jpg,train
7,ship,05907.jpg,train
9,storage_tank,05908.jpg,train
7,ship,05909.jpg,train
9,storage_tank,05910.jpg,train
4,parking_lot,05911.jpg,train
1,harbor,05912.jpg,train
6,runway_mark,05913.jpg,train
4,parking_lot,05914.jpg,train
6,runway_mark,05915.jpg,train
3,oil_gas_field,05916.jpg,train
3,oil_gas_field,05917.jpg,train
7,ship,05918.jpg,train
5,plane,05919.jpg,train
3,oil_gas_field,05920.jpg,train
5,plane,05921.jpg,train
7,ship,05922.jpg,train
7,ship,05923.jpg,train
3,oil_gas_field,05924.jpg,train
6,runway_mark,05925.jpg,train
5,plane,05926.jpg,train
3,oil_gas_field,05927.jpg,train
5,plane,05928.jpg,train
4,parking_lot,05929.jpg,train
2,helicopter,05930.jpg,train
9,storage_tank,05931.jpg,train
7,ship,05932.jpg,train
4,parking_lot,05933.jpg,train
7,ship,05934.jpg,train
3,oil_gas_field,05935.jpg,train
0,car,05936.jpg,train
4,parking_lot,05937.jpg,train
1,harbor,05938.jpg,train
8,stadium,05939.jpg,train
9,storage_tank,05940.jpg,train
7,ship,05941.jpg,train
6,runway_mark,05942.jpg,train
1,harbor,05943.jpg,train
5,plane,05944.jpg,train
4,parking_lot,05945.jpg,train
1,harbor,05946.jpg,train
1,harbor,05947.jpg,train
1,harbor,05948.jpg,train
1,harbor,05949.jpg,train
5,plane,05950.jpg,train
4,parking_lot,05951.jpg,train
8,stadium,05952.jpg,train
3,oil_gas_field,05953.jpg,train
7,ship,05954.jpg,train
8,stadium,05955.jpg,train
6,runway_mark,05956.jpg,train
6,runway_mark,05957.jpg,train
0,car,05958.jpg,train
0,car,05959.jpg,train
0,car,05960.jpg,train
9,storage_tank,05961.jpg,train
4,parking_lot,05962.jpg,train
1,harbor,05963.jpg,train
1,harbor,05964.jpg,train
0,car,05965.jpg,train
0,car,05966.jpg,train
0,car,05967.jpg,train
5,plane,05968.jpg,train
1,harbor,05969.jpg,train
9,storage_tank,05970.jpg,train
2,helicopter,05971.jpg,train
5,plane,05972.jpg,train
8,stadium,05973.jpg,train
2,helicopter,05974.jpg,train
6,runway_mark,05975.jpg,train
6,runway_mark,05976.jpg,train
9,storage_tank,05977.jpg,train
8,stadium,05978.jpg,train
0,car,05979.jpg,train
9,storage_tank,05980.jpg,train
0,car,05981.jpg,train
7,ship,05982.jpg,train
2,helicopter,05983.jpg,train
0,car,05984.jpg,train
5,plane,05985.jpg,train
4,parking_lot,05986.jpg,train
4,parking_lot,05987.jpg,train
1,harbor,05988.jpg,train
3,oil_gas_field,05989.jpg,train
6,runway_mark,05990.jpg,train
0,car,05991.jpg,train
1,harbor,05992.jpg,train
5,plane,05993.jpg,train
8,stadium,05994.jpg,train
7,ship,05995.jpg,train
8,stadium,05996.jpg,train
3,oil_gas_field,05997.jpg,train
7,ship,05998.jpg,train
7,ship,05999.jpg,train
1,harbor,06000.jpg,train
1,harbor,06001.jpg,train
0,car,06002.jpg,train
5,plane,06003.jpg,train
5,plane,06004.jpg,train
7,ship,06005.jpg,train
7,ship,06006.jpg,train
3,oil_gas_field,06007.jpg,train
4,parking_lot,06008.jpg,train
4,parking_lot,06009.jpg,train
8,stadium,06010.jpg,train
1,harbor,06011.jpg,train
3,oil_gas_field,06012.jpg,train
8,stadium,06013.jpg,train
3,oil_gas_field,06014.jpg,train
5,plane,06015.jpg,train
8,stadium,06016.jpg,train
5,plane,06017.jpg,train
9,storage_tank,06018.jpg,train
8,stadium,06019.jpg,train
3,oil_gas_field,06020.jpg,train
4,parking_lot,06021.jpg,train
8,stadium,06022.jpg,train
8,stadium,06023.jpg,train
0,car,06024.jpg,train
6,runway_mark,06025.jpg,train
6,runway_mark,06026.jpg,train
3,oil_gas_field,06027.jpg,train
2,helicopter,06028.jpg,train
7,ship,06029.jpg,train
5,plane,06030.jpg,train
3,oil_gas_field,06031.jpg,train
4,parking_lot,06032.jpg,train
3,oil_gas_field,06033.jpg,train
3,oil_gas_field,06034.jpg,train
5,plane,06035.jpg,train
6,runway_mark,06036.jpg,train
7,ship,06037.jpg,train
7,ship,06038.jpg,train
6,runway_mark,06039.jpg,train
5,plane,06040.jpg,train
6,runway_mark,06041.jpg,train
9,storage_tank,06042.jpg,train
9,storage_tank,06043.jpg,train
0,car,06044.jpg,train
0,car,06045.jpg,train
6,runway_mark,06046.jpg,train
8,stadium,06047.jpg,train
8,stadium,06048.jpg,train
9,storage_tank,06049.jpg,train
6,runway_mark,06050.jpg,train
8,stadium,06051.jpg,train
6,runway_mark,06052.jpg,train
1,harbor,06053.jpg,train
6,runway_mark,06054.jpg,train
8,stadium,06055.jpg,train
1,harbor,06056.jpg,train
7,ship,06057.jpg,train
5,plane,06058.jpg,train
4,parking_lot,06059.jpg,train
8,stadium,06060.jpg,train
5,plane,06061.jpg,train
7,ship,06062.jpg,train
4,parking_lot,06063.jpg,train
3,oil_gas_field,06064.jpg,train
6,runway_mark,06065.jpg,train
0,car,06066.jpg,train
9,storage_tank,06067.jpg,train
5,plane,06068.jpg,train
7,ship,06069.jpg,train
7,ship,06070.jpg,train
8,stadium,06071.jpg,train
9,storage_tank,06072.jpg,train
7,ship,06073.jpg,train
0,car,06074.jpg,train
6,runway_mark,06075.jpg,train
1,harbor,06076.jpg,train
9,storage_tank,06077.jpg,train
7,ship,06078.jpg,train
2,helicopter,06079.jpg,train
0,car,06080.jpg,train
1,harbor,06081.jpg,train
4,parking_lot,06082.jpg,train
6,runway_mark,06083.jpg,train
4,parking_lot,06084.jpg,train
0,car,06085.jpg,train
6,runway_mark,06086.jpg,train
5,plane,06087.jpg,train
9,storage_tank,06088.jpg,train
8,stadium,06089.jpg,train
7,ship,06090.jpg,train
3,oil_gas_field,06091.jpg,train
4,parking_lot,06092.jpg,train
0,car,06093.jpg,train
2,helicopter,06094.jpg,train
7,ship,06095.jpg,train
6,runway_mark,06096.jpg,train
2,helicopter,06097.jpg,train
0,car,06098.jpg,train
4,parking_lot,06099.jpg,train
6,runway_mark,06100.jpg,train
3,oil_gas_field,06101.jpg,train
7,ship,06102.jpg,train
6,runway_mark,06103.jpg,train
2,helicopter,06104.jpg,train
1,harbor,06105.jpg,train
0,car,06106.jpg,train
3,oil_gas_field,06107.jpg,train
8,stadium,06108.jpg,train
4,parking_lot,06109.jpg,train
4,parking_lot,06110.jpg,train
7,ship,06111.jpg,train
9,storage_tank,06112.jpg,train
0,car,06113.jpg,train
0,car,06114.jpg,train
3,oil_gas_field,06115.jpg,train
9,storage_tank,06116.jpg,train
1,harbor,06117.jpg,train
1,harbor,06118.jpg,train
9,storage_tank,06119.jpg,train
2,helicopter,06120.jpg,train
3,oil_gas_field,06121.jpg,train
5,plane,06122.jpg,train
1,harbor,06123.jpg,train
3,oil_gas_field,06124.jpg,train
3,oil_gas_field,06125.jpg,train
2,helicopter,06126.jpg,train
7,ship,06127.jpg,train
8,stadium,06128.jpg,train
9,storage_tank,06129.jpg,train
4,parking_lot,06130.jpg,train
1,harbor,06131.jpg,train
4,parking_lot,06132.jpg,train
3,oil_gas_field,06133.jpg,train
2,helicopter,06134.jpg,train
0,car,06135.jpg,train
1,harbor,06136.jpg,train
3,oil_gas_field,06137.jpg,train
3,oil_gas_field,06138.jpg,train
3,oil_gas_field,06139.jpg,train
6,runway_mark,06140.jpg,train
8,stadium,06141.jpg,train
7,ship,06142.jpg,train
4,parking_lot,06143.jpg,train
4,parking_lot,06144.jpg,train
9,storage_tank,06145.jpg,train
3,oil_gas_field,06146.jpg,train
6,runway_mark,06147.jpg,train
3,oil_gas_field,06148.jpg,train
3,oil_gas_field,06149.jpg,train
4,parking_lot,06150.jpg,train
8,stadium,06151.jpg,train
0,car,06152.jpg,train
8,stadium,06153.jpg,train
2,helicopter,06154.jpg,train
4,parking_lot,06155.jpg,train
5,plane,06156.jpg,train
1,harbor,06157.jpg,train
1,harbor,06158.jpg,train
1,harbor,06159.jpg,train
9,storage_tank,06160.jpg,train
2,helicopter,06161.jpg,train
8,stadium,06162.jpg,train
7,ship,06163.jpg,train
2,helicopter,06164.jpg,train
0,car,06165.jpg,train
7,ship,06166.jpg,train
2,helicopter,06167.jpg,train
9,storage_tank,06168.jpg,train
0,car,06169.jpg,train
6,runway_mark,06170.jpg,train
7,ship,06171.jpg,train
5,plane,06172.jpg,train
8,stadium,06173.jpg,train
7,ship,06174.jpg,train
0,car,06175.jpg,train
8,stadium,06176.jpg,train
9,storage_tank,06177.jpg,train
9,storage_tank,06178.jpg,train
5,plane,06179.jpg,train
1,harbor,06180.jpg,train
9,storage_tank,06181.jpg,train
0,car,06182.jpg,train
4,parking_lot,06183.jpg,train
2,helicopter,06184.jpg,train
0,car,06185.jpg,train
8,stadium,06186.jpg,train
4,parking_lot,06187.jpg,train
9,storage_tank,06188.jpg,train
3,oil_gas_field,06189.jpg,train
8,stadium,06190.jpg,train
9,storage_tank,06191.jpg,train
8,stadium,06192.jpg,train
6,runway_mark,06193.jpg,train
2,helicopter,06194.jpg,train
6,runway_mark,06195.jpg,train
0,car,06196.jpg,train
7,ship,06197.jpg,train
5,plane,06198.jpg,train
6,runway_mark,06199.jpg,train
3,oil_gas_field,06200.jpg,train
9,storage_tank,06201.jpg,train
4,parking_lot,06202.jpg,train
8,stadium,06203.jpg,train
1,harbor,06204.jpg,train
4,parking_lot,06205.jpg,train
1,harbor,06206.jpg,train
9,storage_tank,06207.jpg,train
3,oil_gas_field,06208.jpg,train
6,runway_mark,06209.jpg,train
6,runway_mark,06210.jpg,train
5,plane,06211.jpg,train
3,oil_gas_field,06212.jpg,train
5,plane,06213.jpg,train
8,stadium,06214.jpg,train
2,helicopter,06215.jpg,train
5,plane,06216.jpg,train
3,oil_gas_field,06217.jpg,train
3,oil_gas_field,06218.jpg,train
1,harbor,06219.jpg,train
8,stadium,06220.jpg,train
6,runway_mark,06221.jpg,train
5,plane,06222.jpg,train
2,helicopter,06223.jpg,train
6,runway_mark,06224.jpg,train
6,runway_mark,06225.jpg,train
7,ship,06226.jpg,train
8,stadium,06227.jpg,train
1,harbor,06228.jpg,train
4,parking_lot,06229.jpg,train
0,car,06230.jpg,train
9,storage_tank,06231.jpg,train
5,plane,06232.jpg,train
0,car,06233.jpg,train
5,plane,06234.jpg,train
6,runway_mark,06235.jpg,train
9,storage_tank,06236.jpg,train
4,parking_lot,06237.jpg,train
1,harbor,06238.jpg,train
0,car,06239.jpg,train
0,car,06240.jpg,train
1,harbor,06241.jpg,train
1,harbor,06242.jpg,train
5,plane,06243.jpg,train
7,ship,06244.jpg,train
7,ship,06245.jpg,train
1,harbor,06246.jpg,train
5,plane,06247.jpg,train
5,plane,06248.jpg,train
7,ship,06249.jpg,train
9,storage_tank,06250.jpg,train
0,car,06251.jpg,train
1,harbor,06252.jpg,train
8,stadium,06253.jpg,train
8,stadium,06254.jpg,train
5,plane,06255.jpg,train
2,helicopter,06256.jpg,train
4,parking_lot,06257.jpg,train
5,plane,06258.jpg,train
2,helicopter,06259.jpg,train
9,storage_tank,06260.jpg,train
4,parking_lot,06261.jpg,train
1,harbor,06262.jpg,train
4,parking_lot,06263.jpg,train
7,ship,06264.jpg,train
5,plane,06265.jpg,train
9,storage_tank,06266.jpg,train
6,runway_mark,06267.jpg,train
1,harbor,06268.jpg,train
3,oil_gas_field,06269.jpg,train
3,oil_gas_field,06270.jpg,train
9,storage_tank,06271.jpg,train
8,stadium,06272.jpg,train
9,storage_tank,06273.jpg,train
7,ship,06274.jpg,train
2,helicopter,06275.jpg,train
9,storage_tank,06276.jpg,train
0,car,06277.jpg,train
3,oil_gas_field,06278.jpg,train
0,car,06279.jpg,train
6,runway_mark,06280.jpg,train
5,plane,06281.jpg,train
8,stadium,06282.jpg,train
7,ship,06283.jpg,train
4,parking_lot,06284.jpg,train
8,stadium,06285.jpg,train
3,oil_gas_field,06286.jpg,train
9,storage_tank,06287.jpg,train
9,storage_tank,06288.jpg,train
1,harbor,06289.jpg,train
2,helicopter,06290.jpg,train
2,helicopter,06291.jpg,train
2,helicopter,06292.jpg,train
3,oil_gas_field,06293.jpg,train
3,oil_gas_field,06294.jpg,train
1,harbor,06295.jpg,train
8,stadium,06296.jpg,train
3,oil_gas_field,06297.jpg,train
6,runway_mark,06298.jpg,train
6,runway_mark,06299.jpg,train
3,oil_gas_field,06300.jpg,train
4,parking_lot,06301.jpg,train
9,storage_tank,06302.jpg,train
5,plane,06303.jpg,train
2,helicopter,06304.jpg,train
1,harbor,06305.jpg,train
1,harbor,06306.jpg,train
6,runway_mark,06307.jpg,train
2,helicopter,06308.jpg,train
8,stadium,06309.jpg,train
4,parking_lot,06310.jpg,train
2,helicopter,06311.jpg,train
3,oil_gas_field,06312.jpg,train
2,helicopter,06313.jpg,train
0,car,06314.jpg,train
2,helicopter,06315.jpg,train
9,storage_tank,06316.jpg,train
0,car,06317.jpg,train
7,ship,06318.jpg,train
1,harbor,06319.jpg,train
0,car,06320.jpg,train
8,stadium,06321.jpg,train
4,parking_lot,06322.jpg,train
5,plane,06323.jpg,train
0,car,06324.jpg,train
6,runway_mark,06325.jpg,train
2,helicopter,06326.jpg,train
9,storage_tank,06327.jpg,train
9,storage_tank,06328.jpg,train
0,car,06329.jpg,train
9,storage_tank,06330.jpg,train
7,ship,06331.jpg,train
4,parking_lot,06332.jpg,train
4,parking_lot,06333.jpg,train
8,stadium,06334.jpg,train
8,stadium,06335.jpg,train
9,storage_tank,06336.jpg,train
6,runway_mark,06337.jpg,train
8,stadium,06338.jpg,train
2,helicopter,06339.jpg,train
8,stadium,06340.jpg,train
9,storage_tank,06341.jpg,train
8,stadium,06342.jpg,train
1,harbor,06343.jpg,train
7,ship,06344.jpg,train
2,helicopter,06345.jpg,train
0,car,06346.jpg,train
7,ship,06347.jpg,train
3,oil_gas_field,06348.jpg,train
4,parking_lot,06349.jpg,train
6,runway_mark,06350.jpg,train
5,plane,06351.jpg,train
9,storage_tank,06352.jpg,train
7,ship,06353.jpg,train
6,runway_mark,06354.jpg,train
9,storage_tank,06355.jpg,train
5,plane,06356.jpg,train
3,oil_gas_field,06357.jpg,train
2,helicopter,06358.jpg,train
4,parking_lot,06359.jpg,train
2,helicopter,06360.jpg,train
8,stadium,06361.jpg,train
3,oil_gas_field,06362.jpg,train
5,plane,06363.jpg,train
4,parking_lot,06364.jpg,train
0,car,06365.jpg,train
1,harbor,06366.jpg,train
8,stadium,06367.jpg,train
7,ship,06368.jpg,train
3,oil_gas_field,06369.jpg,train
9,storage_tank,06370.jpg,train
5,plane,06371.jpg,train
9,storage_tank,06372.jpg,train
5,plane,06373.jpg,train
7,ship,06374.jpg,train
9,storage_tank,06375.jpg,train
5,plane,06376.jpg,train
1,harbor,06377.jpg,train
8,stadium,06378.jpg,train
6,runway_mark,06379.jpg,train
0,car,06380.jpg,train
4,parking_lot,06381.jpg,train
9,storage_tank,06382.jpg,train
1,harbor,06383.jpg,train
0,car,06384.jpg,train
9,storage_tank,06385.jpg,train
8,stadium,06386.jpg,train
7,ship,06387.jpg,train
6,runway_mark,06388.jpg,train
0,car,06389.jpg,train
3,oil_gas_field,06390.jpg,train
2,helicopter,06391.jpg,train
9,storage_tank,06392.jpg,train
3,oil_gas_field,06393.jpg,train
3,oil_gas_field,06394.jpg,train
5,plane,06395.jpg,train
4,parking_lot,06396.jpg,train
4,parking_lot,06397.jpg,train
8,stadium,06398.jpg,train
7,ship,06399.jpg,train
8,stadium,06400.jpg,train
2,helicopter,06401.jpg,train
9,storage_tank,06402.jpg,train
5,plane,06403.jpg,train
9,storage_tank,06404.jpg,train
9,storage_tank,06405.jpg,train
2,helicopter,06406.jpg,train
3,oil_gas_field,06407.jpg,train
8,stadium,06408.jpg,train
3,oil_gas_field,06409.jpg,train
5,plane,06410.jpg,train
9,storage_tank,06411.jpg,train
3,oil_gas_field,06412.jpg,train
5,plane,06413.jpg,train
1,harbor,06414.jpg,train
5,plane,06415.jpg,train
9,storage_tank,06416.jpg,train
8,stadium,06417.jpg,train
6,runway_mark,06418.jpg,train
5,plane,06419.jpg,train
7,ship,06420.jpg,train
1,harbor,06421.jpg,train
3,oil_gas_field,06422.jpg,train
6,runway_mark,06423.jpg,train
2,helicopter,06424.jpg,train
0,car,06425.jpg,train
9,storage_tank,06426.jpg,train
1,harbor,06427.jpg,train
9,storage_tank,06428.jpg,train
5,plane,06429.jpg,train
0,car,06430.jpg,train
4,parking_lot,06431.jpg,train
1,harbor,06432.jpg,train
1,harbor,06433.jpg,train
7,ship,06434.jpg,train
5,plane,06435.jpg,train
2,helicopter,06436.jpg,train
9,storage_tank,06437.jpg,train
3,oil_gas_field,06438.jpg,train
2,helicopter,06439.jpg,train
4,parking_lot,06440.jpg,train
6,runway_mark,06441.jpg,train
4,parking_lot,06442.jpg,train
8,stadium,06443.jpg,train
3,oil_gas_field,06444.jpg,train
5,plane,06445.jpg,train
1,harbor,06446.jpg,train
2,helicopter,06447.jpg,train
6,runway_mark,06448.jpg,train
4,parking_lot,06449.jpg,train
7,ship,06450.jpg,train
4,parking_lot,06451.jpg,train
5,plane,06452.jpg,train
6,runway_mark,06453.jpg,train
9,storage_tank,06454.jpg,train
4,parking_lot,06455.jpg,train
5,plane,06456.jpg,train
5,plane,06457.jpg,train
7,ship,06458.jpg,train
2,helicopter,06459.jpg,train
9,storage_tank,06460.jpg,train
0,car,06461.jpg,train
5,plane,06462.jpg,train
6,runway_mark,06463.jpg,train
6,runway_mark,06464.jpg,train
5,plane,06465.jpg,train
3,oil_gas_field,06466.jpg,train
6,runway_mark,06467.jpg,train
9,storage_tank,06468.jpg,train
9,storage_tank,06469.jpg,train
8,stadium,06470.jpg,train
4,parking_lot,06471.jpg,train
1,harbor,06472.jpg,train
5,plane,06473.jpg,train
2,helicopter,06474.jpg,train
5,plane,06475.jpg,train
9,storage_tank,06476.jpg,train
1,harbor,06477.jpg,train
1,harbor,06478.jpg,train
9,storage_tank,06479.jpg,train
8,stadium,06480.jpg,train
8,stadium,06481.jpg,train
3,oil_gas_field,06482.jpg,train
1,harbor,06483.jpg,train
2,helicopter,06484.jpg,train
5,plane,06485.jpg,train
4,parking_lot,06486.jpg,train
5,plane,06487.jpg,train
2,helicopter,06488.jpg,train
1,harbor,06489.jpg,train
4,parking_lot,06490.jpg,train
4,parking_lot,06491.jpg,train
5,plane,06492.jpg,train
3,oil_gas_field,06493.jpg,train
1,harbor,06494.jpg,train
9,storage_tank,06495.jpg,train
7,ship,06496.jpg,train
3,oil_gas_field,06497.jpg,train
8,stadium,06498.jpg,train
8,stadium,06499.jpg,train
5,plane,06500.jpg,train
6,runway_mark,06501.jpg,train
9,storage_tank,06502.jpg,train
6,runway_mark,06503.jpg,train
3,oil_gas_field,06504.jpg,train
0,car,06505.jpg,train
1,harbor,06506.jpg,train
1,harbor,06507.jpg,train
8,stadium,06508.jpg,train
6,runway_mark,06509.jpg,train
7,ship,06510.jpg,train
1,harbor,06511.jpg,train
5,plane,06512.jpg,train
1,harbor,06513.jpg,train
8,stadium,06514.jpg,train
9,storage_tank,06515.jpg,train
8,stadium,06516.jpg,train
4,parking_lot,06517.jpg,train
3,oil_gas_field,06518.jpg,train
3,oil_gas_field,06519.jpg,train
2,helicopter,06520.jpg,train
4,parking_lot,06521.jpg,train
5,plane,06522.jpg,train
6,runway_mark,06523.jpg,train
4,parking_lot,06524.jpg,train
9,storage_tank,06525.jpg,train
6,runway_mark,06526.jpg,train
7,ship,06527.jpg,train
2,helicopter,06528.jpg,train
7,ship,06529.jpg,train
9,storage_tank,06530.jpg,train
7,ship,06531.jpg,train
0,car,06532.jpg,train
0,car,06533.jpg,train
0,car,06534.jpg,train
8,stadium,06535.jpg,train
6,runway_mark,06536.jpg,train
2,helicopter,06537.jpg,train
9,storage_tank,06538.jpg,train
4,parking_lot,06539.jpg,train
8,stadium,06540.jpg,train
9,storage_tank,06541.jpg,train
0,car,06542.jpg,train
8,stadium,06543.jpg,train
1,harbor,06544.jpg,train
9,storage_tank,06545.jpg,train
8,stadium,06546.jpg,train
3,oil_gas_field,06547.jpg,train
8,stadium,06548.jpg,train
2,helicopter,06549.jpg,train
9,storage_tank,06550.jpg,train
7,ship,06551.jpg,train
4,parking_lot,06552.jpg,train
5,plane,06553.jpg,train
3,oil_gas_field,06554.jpg,train
3,oil_gas_field,06555.jpg,train
0,car,06556.jpg,train
5,plane,06557.jpg,train
2,helicopter,06558.jpg,train
1,harbor,06559.jpg,train
9,storage_tank,06560.jpg,train
9,storage_tank,06561.jpg,train
1,harbor,06562.jpg,train
1,harbor,06563.jpg,train
1,harbor,06564.jpg,train
6,runway_mark,06565.jpg,train
8,stadium,06566.jpg,train
6,runway_mark,06567.jpg,train
1,harbor,06568.jpg,train
3,oil_gas_field,06569.jpg,train
9,storage_tank,06570.jpg,train
0,car,06571.jpg,train
7,ship,06572.jpg,train
4,parking_lot,06573.jpg,train
7,ship,06574.jpg,train
3,oil_gas_field,06575.jpg,train
3,oil_gas_field,06576.jpg,train
1,harbor,06577.jpg,train
0,car,06578.jpg,train
6,runway_mark,06579.jpg,train
7,ship,06580.jpg,train
9,storage_tank,06581.jpg,train
9,storage_tank,06582.jpg,train
9,storage_tank,06583.jpg,train
7,ship,06584.jpg,train
5,plane,06585.jpg,train
4,parking_lot,06586.jpg,train
4,parking_lot,06587.jpg,train
4,parking_lot,06588.jpg,train
1,harbor,06589.jpg,train
3,oil_gas_field,06590.jpg,train
1,harbor,06591.jpg,train
4,parking_lot,06592.jpg,train
5,plane,06593.jpg,train
2,helicopter,06594.jpg,train
2,helicopter,06595.jpg,train
3,oil_gas_field,06596.jpg,train
8,stadium,06597.jpg,train
6,runway_mark,06598.jpg,train
6,runway_mark,06599.jpg,train
5,plane,06600.jpg,train
6,runway_mark,06601.jpg,train
8,stadium,06602.jpg,train
4,parking_lot,06603.jpg,train
7,ship,06604.jpg,train
0,car,06605.jpg,train
4,parking_lot,06606.jpg,train
0,car,06607.jpg,train
2,helicopter,06608.jpg,train
1,harbor,06609.jpg,train
2,helicopter,06610.jpg,train
9,storage_tank,06611.jpg,train
9,storage_tank,06612.jpg,train
0,car,06613.jpg,train
5,plane,06614.jpg,train
5,plane,06615.jpg,train
8,stadium,06616.jpg,train
2,helicopter,06617.jpg,train
4,parking_lot,06618.jpg,train
8,stadium,06619.jpg,train
2,helicopter,06620.jpg,train
4,parking_lot,06621.jpg,train
6,runway_mark,06622.jpg,train
4,parking_lot,06623.jpg,train
0,car,06624.jpg,train
8,stadium,06625.jpg,train
4,parking_lot,06626.jpg,train
5,plane,06627.jpg,train
3,oil_gas_field,06628.jpg,train
6,runway_mark,06629.jpg,train
3,oil_gas_field,06630.jpg,train
1,harbor,06631.jpg,train
1,harbor,06632.jpg,train
4,parking_lot,06633.jpg,train
6,runway_mark,06634.jpg,train
4,parking_lot,06635.jpg,train
5,plane,06636.jpg,train
7,ship,06637.jpg,train
0,car,06638.jpg,train
3,oil_gas_field,06639.jpg,train
1,harbor,06640.jpg,train
2,helicopter,06641.jpg,train
6,runway_mark,06642.jpg,train
4,parking_lot,06643.jpg,train
4,parking_lot,06644.jpg,train
6,runway_mark,06645.jpg,train
0,car,06646.jpg,train
9,storage_tank,06647.jpg,train
3,oil_gas_field,06648.jpg,train
7,ship,06649.jpg,train
2,helicopter,06650.jpg,train
9,storage_tank,06651.jpg,train
6,runway_mark,06652.jpg,train
9,storage_tank,06653.jpg,train
7,ship,06654.jpg,train
0,car,06655.jpg,train
8,stadium,06656.jpg,train
8,stadium,06657.jpg,train
6,runway_mark,06658.jpg,train
0,car,06659.jpg,train
3,oil_gas_field,06660.jpg,train
6,runway_mark,06661.jpg,train
6,runway_mark,06662.jpg,train
4,parking_lot,06663.jpg,train
4,parking_lot,06664.jpg,train
7,ship,06665.jpg,train
7,ship,06666.jpg,train
2,helicopter,06667.jpg,train
5,plane,06668.jpg,train
8,stadium,06669.jpg,train
5,plane,06670.jpg,train
1,harbor,06671.jpg,train
7,ship,06672.jpg,train
0,car,06673.jpg,train
2,helicopter,06674.jpg,train
3,oil_gas_field,06675.jpg,train
1,harbor,06676.jpg,train
2,helicopter,06677.jpg,train
1,harbor,06678.jpg,train
4,parking_lot,06679.jpg,train
4,parking_lot,06680.jpg,train
2,helicopter,06681.jpg,train
6,runway_mark,06682.jpg,train
7,ship,06683.jpg,train
0,car,06684.jpg,train
8,stadium,06685.jpg,train
4,parking_lot,06686.jpg,train
4,parking_lot,06687.jpg,train
9,storage_tank,06688.jpg,train
2,helicopter,06689.jpg,train
6,runway_mark,06690.jpg,train
3,oil_gas_field,06691.jpg,train
9,storage_tank,06692.jpg,train
1,harbor,06693.jpg,train
8,stadium,06694.jpg,train
8,stadium,06695.jpg,train
9,storage_tank,06696.jpg,train
0,car,06697.jpg,train
9,storage_tank,06698.jpg,train
2,helicopter,06699.jpg,train
9,storage_tank,06700.jpg,train
5,plane,06701.jpg,train
6,runway_mark,06702.jpg,train
1,harbor,06703.jpg,train
5,plane,06704.jpg,train
8,stadium,06705.jpg,train
6,runway_mark,06706.jpg,train
2,helicopter,06707.jpg,train
6,runway_mark,06708.jpg,train
2,helicopter,06709.jpg,train
6,runway_mark,06710.jpg,train
6,runway_mark,06711.jpg,train
2,helicopter,06712.jpg,train
6,runway_mark,06713.jpg,train
0,car,06714.jpg,train
2,helicopter,06715.jpg,train
0,car,06716.jpg,train
0,car,06717.jpg,train
3,oil_gas_field,06718.jpg,train
3,oil_gas_field,06719.jpg,train
0,car,06720.jpg,train
1,harbor,06721.jpg,train
6,runway_mark,06722.jpg,train
6,runway_mark,06723.jpg,train
4,parking_lot,06724.jpg,train
3,oil_gas_field,06725.jpg,train
9,storage_tank,06726.jpg,train
1,harbor,06727.jpg,train
7,ship,06728.jpg,train
3,oil_gas_field,06729.jpg,train
6,runway_mark,06730.jpg,train
0,car,06731.jpg,train
7,ship,06732.jpg,train
3,oil_gas_field,06733.jpg,train
2,helicopter,06734.jpg,train
4,parking_lot,06735.jpg,train
8,stadium,06736.jpg,train
0,car,06737.jpg,train
2,helicopter,06738.jpg,train
9,storage_tank,06739.jpg,train
7,ship,06740.jpg,train
0,car,06741.jpg,train
8,stadium,06742.jpg,train
5,plane,06743.jpg,train
3,oil_gas_field,06744.jpg,train
3,oil_gas_field,06745.jpg,train
4,parking_lot,06746.jpg,train
4,parking_lot,06747.jpg,train
0,car,06748.jpg,train
8,stadium,06749.jpg,train
6,runway_mark,06750.jpg,train
2,helicopter,06751.jpg,train
8,stadium,06752.jpg,train
9,storage_tank,06753.jpg,train
6,runway_mark,06754.jpg,train
6,runway_mark,06755.jpg,train
7,ship,06756.jpg,train
1,harbor,06757.jpg,train
2,helicopter,06758.jpg,train
4,parking_lot,06759.jpg,train
0,car,06760.jpg,train
5,plane,06761.jpg,train
9,storage_tank,06762.jpg,train
9,storage_tank,06763.jpg,train
5,plane,06764.jpg,train
9,storage_tank,06765.jpg,train
6,runway_mark,06766.jpg,train
7,ship,06767.jpg,train
1,harbor,06768.jpg,train
4,parking_lot,06769.jpg,train
1,harbor,06770.jpg,train
5,plane,06771.jpg,train
0,car,06772.jpg,train
3,oil_gas_field,06773.jpg,train
4,parking_lot,06774.jpg,train
3,oil_gas_field,06775.jpg,train
4,parking_lot,06776.jpg,train
3,oil_gas_field,06777.jpg,train
8,stadium,06778.jpg,train
6,runway_mark,06779.jpg,train
5,plane,06780.jpg,train
1,harbor,06781.jpg,train
4,parking_lot,06782.jpg,train
8,stadium,06783.jpg,train
5,plane,06784.jpg,train
8,stadium,06785.jpg,train
2,helicopter,06786.jpg,train
2,helicopter,06787.jpg,train
7,ship,06788.jpg,train
7,ship,06789.jpg,train
8,stadium,06790.jpg,train
6,runway_mark,06791.jpg,train
8,stadium,06792.jpg,train
2,helicopter,06793.jpg,train
1,harbor,06794.jpg,train
8,stadium,06795.jpg,train
1,harbor,06796.jpg,train
1,harbor,06797.jpg,train
5,plane,06798.jpg,train
6,runway_mark,06799.jpg,train
2,helicopter,06800.jpg,train
8,stadium,06801.jpg,train
7,ship,06802.jpg,train
6,runway_mark,06803.jpg,train
9,storage_tank,06804.jpg,train
6,runway_mark,06805.jpg,train
2,helicopter,06806.jpg,train
1,harbor,06807.jpg,train
5,plane,06808.jpg,train
7,ship,06809.jpg,train
7,ship,06810.jpg,train
3,oil_gas_field,06811.jpg,train
6,runway_mark,06812.jpg,train
9,storage_tank,06813.jpg,train
2,helicopter,06814.jpg,train
3,oil_gas_field,06815.jpg,train
5,plane,06816.jpg,train
1,harbor,06817.jpg,train
9,storage_tank,06818.jpg,train
2,helicopter,06819.jpg,train
1,harbor,06820.jpg,train
3,oil_gas_field,06821.jpg,train
2,helicopter,06822.jpg,train
4,parking_lot,06823.jpg,train
3,oil_gas_field,06824.jpg,train
5,plane,06825.jpg,train
2,helicopter,06826.jpg,train
2,helicopter,06827.jpg,train
3,oil_gas_field,06828.jpg,train
2,helicopter,06829.jpg,train
4,parking_lot,06830.jpg,train
3,oil_gas_field,06831.jpg,train
3,oil_gas_field,06832.jpg,train
7,ship,06833.jpg,train
0,car,06834.jpg,train
0,car,06835.jpg,train
2,helicopter,06836.jpg,train
0,car,06837.jpg,train
8,stadium,06838.jpg,train
9,storage_tank,06839.jpg,train
7,ship,06840.jpg,train
1,harbor,06841.jpg,train
1,harbor,06842.jpg,train
1,harbor,06843.jpg,train
0,car,06844.jpg,train
7,ship,06845.jpg,train
8,stadium,06846.jpg,train
2,helicopter,06847.jpg,train
3,oil_gas_field,06848.jpg,train
7,ship,06849.jpg,train
6,runway_mark,06850.jpg,train
8,stadium,06851.jpg,train
6,runway_mark,06852.jpg,train
0,car,06853.jpg,train
7,ship,06854.jpg,train
0,car,06855.jpg,train
4,parking_lot,06856.jpg,train
8,stadium,06857.jpg,train
6,runway_mark,06858.jpg,train
7,ship,06859.jpg,train
8,stadium,06860.jpg,train
1,harbor,06861.jpg,train
1,harbor,06862.jpg,train
0,car,06863.jpg,train
9,storage_tank,06864.jpg,train
9,storage_tank,06865.jpg,train
2,helicopter,06866.jpg,train
4,parking_lot,06867.jpg,train
7,ship,06868.jpg,train
3,oil_gas_field,06869.jpg,train
2,helicopter,06870.jpg,train
8,stadium,06871.jpg,train
0,car,06872.jpg,train
3,oil_gas_field,06873.jpg,train
1,harbor,06874.jpg,train
6,runway_mark,06875.jpg,train
1,harbor,06876.jpg,train
3,oil_gas_field,06877.jpg,train
9,storage_tank,06878.jpg,train
2,helicopter,06879.jpg,train
5,plane,06880.jpg,train
1,harbor,06881.jpg,train
2,helicopter,06882.jpg,train
5,plane,06883.jpg,train
2,helicopter,06884.jpg,train
6,runway_mark,06885.jpg,train
3,oil_gas_field,06886.jpg,train
0,car,06887.jpg,train
4,parking_lot,06888.jpg,train
0,car,06889.jpg,train
1,harbor,06890.jpg,train
8,stadium,06891.jpg,train
8,stadium,06892.jpg,train
7,ship,06893.jpg,train
7,ship,06894.jpg,train
9,storage_tank,06895.jpg,train
3,oil_gas_field,06896.jpg,train
8,stadium,06897.jpg,train
5,plane,06898.jpg,train
3,oil_gas_field,06899.jpg,train
6,runway_mark,06900.jpg,train
1,harbor,06901.jpg,train
0,car,06902.jpg,train
6,runway_mark,06903.jpg,train
1,harbor,06904.jpg,train
1,harbor,06905.jpg,train
1,harbor,06906.jpg,train
5,plane,06907.jpg,train
9,storage_tank,06908.jpg,train
4,parking_lot,06909.jpg,train
4,parking_lot,06910.jpg,train
1,harbor,06911.jpg,train
0,car,06912.jpg,train
6,runway_mark,06913.jpg,train
1,harbor,06914.jpg,train
8,stadium,06915.jpg,train
9,storage_tank,06916.jpg,train
1,harbor,06917.jpg,train
7,ship,06918.jpg,train
9,storage_tank,06919.jpg,train
4,parking_lot,06920.jpg,train
1,harbor,06921.jpg,train
1,harbor,06922.jpg,train
5,plane,06923.jpg,train
9,storage_tank,06924.jpg,train
6,runway_mark,06925.jpg,train
3,oil_gas_field,06926.jpg,train
8,stadium,06927.jpg,train
1,harbor,06928.jpg,train
3,oil_gas_field,06929.jpg,train
0,car,06930.jpg,train
8,stadium,06931.jpg,train
7,ship,06932.jpg,train
4,parking_lot,06933.jpg,train
4,parking_lot,06934.jpg,train
9,storage_tank,06935.jpg,train
7,ship,06936.jpg,train
2,helicopter,06937.jpg,train
2,helicopter,06938.jpg,train
3,oil_gas_field,06939.jpg,train
5,plane,06940.jpg,train
2,helicopter,06941.jpg,train
9,storage_tank,06942.jpg,train
4,parking_lot,06943.jpg,train
0,car,06944.jpg,train
1,harbor,06945.jpg,train
5,plane,06946.jpg,train
0,car,06947.jpg,train
8,stadium,06948.jpg,train
8,stadium,06949.jpg,train
5,plane,06950.jpg,train
3,oil_gas_field,06951.jpg,train
4,parking_lot,06952.jpg,train
1,harbor,06953.jpg,train
3,oil_gas_field,06954.jpg,train
7,ship,06955.jpg,train
1,harbor,06956.jpg,train
5,plane,06957.jpg,train
9,storage_tank,06958.jpg,train
0,car,06959.jpg,train
1,harbor,06960.jpg,train
7,ship,06961.jpg,train
6,runway_mark,06962.jpg,train
1,harbor,06963.jpg,train
3,oil_gas_field,06964.jpg,train
5,plane,06965.jpg,train
9,storage_tank,06966.jpg,train
6,runway_mark,06967.jpg,train
0,car,06968.jpg,train
5,plane,06969.jpg,train
9,storage_tank,06970.jpg,train
4,parking_lot,06971.jpg,train
7,ship,06972.jpg,train
7,ship,06973.jpg,train
8,stadium,06974.jpg,train
5,plane,06975.jpg,train
0,car,06976.jpg,train
0,car,06977.jpg,train
0,car,06978.jpg,train
6,runway_mark,06979.jpg,train
0,car,06980.jpg,train
9,storage_tank,06981.jpg,train
9,storage_tank,06982.jpg,train
4,parking_lot,06983.jpg,train
2,helicopter,06984.jpg,train
8,stadium,06985.jpg,train
7,ship,06986.jpg,train
8,stadium,06987.jpg,train
7,ship,06988.jpg,train
6,runway_mark,06989.jpg,train
7,ship,06990.jpg,train
2,helicopter,06991.jpg,train
1,harbor,06992.jpg,train
3,oil_gas_field,06993.jpg,train
1,harbor,06994.jpg,train
0,car,06995.jpg,train
9,storage_tank,06996.jpg,train
9,storage_tank,06997.jpg,train
8,stadium,06998.jpg,train
5,plane,06999.jpg,train
0,car,07000.jpg,train
2,helicopter,07001.jpg,train
5,plane,07002.jpg,train
2,helicopter,07003.jpg,train
8,stadium,07004.jpg,train
3,oil_gas_field,07005.jpg,train
7,ship,07006.jpg,train
4,parking_lot,07007.jpg,train
3,oil_gas_field,07008.jpg,train
7,ship,07009.jpg,train
6,runway_mark,07010.jpg,train
9,storage_tank,07011.jpg,train
9,storage_tank,07012.jpg,train
1,harbor,07013.jpg,train
7,ship,07014.jpg,train
2,helicopter,07015.jpg,train
5,plane,07016.jpg,train
7,ship,07017.jpg,train
6,runway_mark,07018.jpg,train
6,runway_mark,07019.jpg,train
8,stadium,07020.jpg,train
2,helicopter,07021.jpg,train
7,ship,07022.jpg,train
8,stadium,07023.jpg,train
5,plane,07024.jpg,train
7,ship,07025.jpg,train
6,runway_mark,07026.jpg,train
1,harbor,07027.jpg,train
4,parking_lot,07028.jpg,train
5,plane,07029.jpg,train
4,parking_lot,07030.jpg,train
6,runway_mark,07031.jpg,train
4,parking_lot,07032.jpg,train
6,runway_mark,07033.jpg,train
0,car,07034.jpg,train
8,stadium,07035.jpg,train
1,harbor,07036.jpg,train
1,harbor,07037.jpg,train
3,oil_gas_field,07038.jpg,train
8,stadium,07039.jpg,train
9,storage_tank,07040.jpg,train
4,parking_lot,07041.jpg,train
3,oil_gas_field,07042.jpg,train
7,ship,07043.jpg,train
6,runway_mark,07044.jpg,train
1,harbor,07045.jpg,train
4,parking_lot,07046.jpg,train
4,parking_lot,07047.jpg,train
3,oil_gas_field,07048.jpg,train
7,ship,07049.jpg,train
2,helicopter,07050.jpg,train
1,harbor,07051.jpg,train
1,harbor,07052.jpg,train
4,parking_lot,07053.jpg,train
6,runway_mark,07054.jpg,train
9,storage_tank,07055.jpg,train
8,stadium,07056.jpg,train
1,harbor,07057.jpg,train
3,oil_gas_field,07058.jpg,train
4,parking_lot,07059.jpg,train
5,plane,07060.jpg,train
1,harbor,07061.jpg,train
1,harbor,07062.jpg,train
5,plane,07063.jpg,train
5,plane,07064.jpg,train
4,parking_lot,07065.jpg,train
1,harbor,07066.jpg,train
2,helicopter,07067.jpg,train
3,oil_gas_field,07068.jpg,train
9,storage_tank,07069.jpg,train
1,harbor,07070.jpg,train
6,runway_mark,07071.jpg,train
5,plane,07072.jpg,train
5,plane,07073.jpg,train
5,plane,07074.jpg,train
5,plane,07075.jpg,train
3,oil_gas_field,07076.jpg,train
7,ship,07077.jpg,train
0,car,07078.jpg,train
8,stadium,07079.jpg,train
7,ship,07080.jpg,train
4,parking_lot,07081.jpg,train
8,stadium,07082.jpg,train
3,oil_gas_field,07083.jpg,train
5,plane,07084.jpg,train
6,runway_mark,07085.jpg,train
7,ship,07086.jpg,train
7,ship,07087.jpg,train
6,runway_mark,07088.jpg,train
9,storage_tank,07089.jpg,train
5,plane,07090.jpg,train
7,ship,07091.jpg,train
8,stadium,07092.jpg,train
7,ship,07093.jpg,train
2,helicopter,07094.jpg,train
1,harbor,07095.jpg,train
0,car,07096.jpg,train
0,car,07097.jpg,train
7,ship,07098.jpg,train
0,car,07099.jpg,train
0,car,07100.jpg,train
9,storage_tank,07101.jpg,train
6,runway_mark,07102.jpg,train
9,storage_tank,07103.jpg,train
6,runway_mark,07104.jpg,train
0,car,07105.jpg,train
4,parking_lot,07106.jpg,train
3,oil_gas_field,07107.jpg,train
1,harbor,07108.jpg,train
2,helicopter,07109.jpg,train
3,oil_gas_field,07110.jpg,train
1,harbor,07111.jpg,train
8,stadium,07112.jpg,train
6,runway_mark,07113.jpg,train
2,helicopter,07114.jpg,train
9,storage_tank,07115.jpg,train
3,oil_gas_field,07116.jpg,train
1,harbor,07117.jpg,train
7,ship,07118.jpg,train
0,car,07119.jpg,train
8,stadium,07120.jpg,train
5,plane,07121.jpg,train
6,runway_mark,07122.jpg,train
4,parking_lot,07123.jpg,train
8,stadium,07124.jpg,train
8,stadium,07125.jpg,train
0,car,07126.jpg,train
3,oil_gas_field,07127.jpg,train
5,plane,07128.jpg,train
9,storage_tank,07129.jpg,train
2,helicopter,07130.jpg,train
4,parking_lot,07131.jpg,train
7,ship,07132.jpg,train
0,car,07133.jpg,train
2,helicopter,07134.jpg,train
5,plane,07135.jpg,train
4,parking_lot,07136.jpg,train
2,helicopter,07137.jpg,train
1,harbor,07138.jpg,train
7,ship,07139.jpg,train
1,harbor,07140.jpg,train
1,harbor,07141.jpg,train
6,runway_mark,07142.jpg,train
2,helicopter,07143.jpg,train
8,stadium,07144.jpg,train
0,car,07145.jpg,train
0,car,07146.jpg,train
0,car,07147.jpg,train
1,harbor,07148.jpg,train
0,car,07149.jpg,train
2,helicopter,07150.jpg,train
9,storage_tank,07151.jpg,train
5,plane,07152.jpg,train
7,ship,07153.jpg,train
9,storage_tank,07154.jpg,train
7,ship,07155.jpg,train
2,helicopter,07156.jpg,train
4,parking_lot,07157.jpg,train
1,harbor,07158.jpg,train
6,runway_mark,07159.jpg,train
6,runway_mark,07160.jpg,train
4,parking_lot,07161.jpg,train
7,ship,07162.jpg,train
1,harbor,07163.jpg,train
6,runway_mark,07164.jpg,train
1,harbor,07165.jpg,train
9,storage_tank,07166.jpg,train
7,ship,07167.jpg,train
6,runway_mark,07168.jpg,train
8,stadium,07169.jpg,train
5,plane,07170.jpg,train
8,stadium,07171.jpg,train
2,helicopter,07172.jpg,train
5,plane,07173.jpg,train
5,plane,07174.jpg,train
4,parking_lot,07175.jpg,train
5,plane,07176.jpg,train
3,oil_gas_field,07177.jpg,train
0,car,07178.jpg,train
3,oil_gas_field,07179.jpg,train
5,plane,07180.jpg,train
7,ship,07181.jpg,train
2,helicopter,07182.jpg,train
1,harbor,07183.jpg,train
0,car,07184.jpg,train
8,stadium,07185.jpg,train
9,storage_tank,07186.jpg,train
0,car,07187.jpg,train
8,stadium,07188.jpg,train
9,storage_tank,07189.jpg,train
1,harbor,07190.jpg,train
8,stadium,07191.jpg,train
1,harbor,07192.jpg,train
3,oil_gas_field,07193.jpg,train
8,stadium,07194.jpg,train
6,runway_mark,07195.jpg,train
2,helicopter,07196.jpg,train
0,car,07197.jpg,train
2,helicopter,07198.jpg,train
7,ship,07199.jpg,train
9,storage_tank,07200.jpg,train
0,car,07201.jpg,train
3,oil_gas_field,07202.jpg,train
1,harbor,07203.jpg,train
1,harbor,07204.jpg,train
9,storage_tank,07205.jpg,train
3,oil_gas_field,07206.jpg,train
4,parking_lot,07207.jpg,train
7,ship,07208.jpg,train
5,plane,07209.jpg,train
4,parking_lot,07210.jpg,train
8,stadium,07211.jpg,train
3,oil_gas_field,07212.jpg,train
8,stadium,07213.jpg,train
5,plane,07214.jpg,train
4,parking_lot,07215.jpg,train
8,stadium,07216.jpg,train
8,stadium,07217.jpg,train
6,runway_mark,07218.jpg,train
7,ship,07219.jpg,train
2,helicopter,07220.jpg,train
2,helicopter,07221.jpg,train
0,car,07222.jpg,train
9,storage_tank,07223.jpg,train
0,car,07224.jpg,train
4,parking_lot,07225.jpg,train
2,helicopter,07226.jpg,train
2,helicopter,07227.jpg,train
0,car,07228.jpg,train
8,stadium,07229.jpg,train
2,helicopter,07230.jpg,train
8,stadium,07231.jpg,train
3,oil_gas_field,07232.jpg,train
2,helicopter,07233.jpg,train
0,car,07234.jpg,train
1,harbor,07235.jpg,train
4,parking_lot,07236.jpg,train
1,harbor,07237.jpg,train
5,plane,07238.jpg,train
0,car,07239.jpg,train
5,plane,07240.jpg,train
6,runway_mark,07241.jpg,train
3,oil_gas_field,07242.jpg,train
4,parking_lot,07243.jpg,train
0,car,07244.jpg,train
5,plane,07245.jpg,train
9,storage_tank,07246.jpg,train
2,helicopter,07247.jpg,train
9,storage_tank,07248.jpg,train
5,plane,07249.jpg,train
7,ship,07250.jpg,train
7,ship,07251.jpg,train
2,helicopter,07252.jpg,train
9,storage_tank,07253.jpg,train
5,plane,07254.jpg,train
8,stadium,07255.jpg,train
0,car,07256.jpg,train
0,car,07257.jpg,train
4,parking_lot,07258.jpg,train
0,car,07259.jpg,train
9,storage_tank,07260.jpg,train
3,oil_gas_field,07261.jpg,train
4,parking_lot,07262.jpg,train
5,plane,07263.jpg,train
9,storage_tank,07264.jpg,train
9,storage_tank,07265.jpg,train
9,storage_tank,07266.jpg,train
3,oil_gas_field,07267.jpg,train
7,ship,07268.jpg,train
2,helicopter,07269.jpg,train
2,helicopter,07270.jpg,train
4,parking_lot,07271.jpg,train
9,storage_tank,07272.jpg,train
2,helicopter,07273.jpg,train
3,oil_gas_field,07274.jpg,train
0,car,07275.jpg,train
8,stadium,07276.jpg,train
9,storage_tank,07277.jpg,train
9,storage_tank,07278.jpg,train
9,storage_tank,07279.jpg,train
0,car,07280.jpg,train
5,plane,07281.jpg,train
1,harbor,07282.jpg,train
9,storage_tank,07283.jpg,train
1,harbor,07284.jpg,train
3,oil_gas_field,07285.jpg,train
1,harbor,07286.jpg,train
8,stadium,07287.jpg,train
0,car,07288.jpg,train
0,car,07289.jpg,train
6,runway_mark,07290.jpg,train
6,runway_mark,07291.jpg,train
8,stadium,07292.jpg,train
6,runway_mark,07293.jpg,train
9,storage_tank,07294.jpg,train
7,ship,07295.jpg,train
4,parking_lot,07296.jpg,train
6,runway_mark,07297.jpg,train
7,ship,07298.jpg,train
0,car,07299.jpg,train
6,runway_mark,07300.jpg,train
1,harbor,07301.jpg,train
3,oil_gas_field,07302.jpg,train
7,ship,07303.jpg,train
5,plane,07304.jpg,train
5,plane,07305.jpg,train
6,runway_mark,07306.jpg,train
6,runway_mark,07307.jpg,train
8,stadium,07308.jpg,train
7,ship,07309.jpg,train
4,parking_lot,07310.jpg,train
9,storage_tank,07311.jpg,train
9,storage_tank,07312.jpg,train
0,car,07313.jpg,train
9,storage_tank,07314.jpg,train
0,car,07315.jpg,train
7,ship,07316.jpg,train
6,runway_mark,07317.jpg,train
6,runway_mark,07318.jpg,train
1,harbor,07319.jpg,train
5,plane,07320.jpg,train
7,ship,07321.jpg,train
0,car,07322.jpg,train
9,storage_tank,07323.jpg,train
7,ship,07324.jpg,train
5,plane,07325.jpg,train
4,parking_lot,07326.jpg,train
5,plane,07327.jpg,train
9,storage_tank,07328.jpg,train
7,ship,07329.jpg,train
7,ship,07330.jpg,train
8,stadium,07331.jpg,train
5,plane,07332.jpg,train
7,ship,07333.jpg,train
7,ship,07334.jpg,train
3,oil_gas_field,07335.jpg,train
5,plane,07336.jpg,train
3,oil_gas_field,07337.jpg,train
1,harbor,07338.jpg,train
5,plane,07339.jpg,train
9,storage_tank,07340.jpg,train
3,oil_gas_field,07341.jpg,train
2,helicopter,07342.jpg,train
7,ship,07343.jpg,train
4,parking_lot,07344.jpg,train
4,parking_lot,07345.jpg,train
6,runway_mark,07346.jpg,train
9,storage_tank,07347.jpg,train
0,car,07348.jpg,train
9,storage_tank,07349.jpg,train
1,harbor,07350.jpg,train
8,stadium,07351.jpg,train
3,oil_gas_field,07352.jpg,train
5,plane,07353.jpg,train
4,parking_lot,07354.jpg,train
5,plane,07355.jpg,train
2,helicopter,07356.jpg,train
3,oil_gas_field,07357.jpg,train
2,helicopter,07358.jpg,train
4,parking_lot,07359.jpg,train
5,plane,07360.jpg,train
3,oil_gas_field,07361.jpg,train
3,oil_gas_field,07362.jpg,train
2,helicopter,07363.jpg,train
5,plane,07364.jpg,train
4,parking_lot,07365.jpg,train
0,car,07366.jpg,train
5,plane,07367.jpg,train
6,runway_mark,07368.jpg,train
7,ship,07369.jpg,train
5,plane,07370.jpg,train
0,car,07371.jpg,train
1,harbor,07372.jpg,train
3,oil_gas_field,07373.jpg,train
2,helicopter,07374.jpg,train
5,plane,07375.jpg,train
3,oil_gas_field,07376.jpg,train
6,runway_mark,07377.jpg,train
4,parking_lot,07378.jpg,train
3,oil_gas_field,07379.jpg,train
5,plane,07380.jpg,train
4,parking_lot,07381.jpg,train
6,runway_mark,07382.jpg,train
4,parking_lot,07383.jpg,train
4,parking_lot,07384.jpg,train
7,ship,07385.jpg,train
6,runway_mark,07386.jpg,train
4,parking_lot,07387.jpg,train
3,oil_gas_field,07388.jpg,train
9,storage_tank,07389.jpg,train
7,ship,07390.jpg,train
1,harbor,07391.jpg,train
5,plane,07392.jpg,train
8,stadium,07393.jpg,train
8,stadium,07394.jpg,train
7,ship,07395.jpg,train
1,harbor,07396.jpg,train
2,helicopter,07397.jpg,train
9,storage_tank,07398.jpg,train
0,car,07399.jpg,train
4,parking_lot,07400.jpg,train
9,storage_tank,07401.jpg,train
0,car,07402.jpg,train
4,parking_lot,07403.jpg,train
5,plane,07404.jpg,train
6,runway_mark,07405.jpg,train
9,storage_tank,07406.jpg,train
7,ship,07407.jpg,train
5,plane,07408.jpg,train
5,plane,07409.jpg,train
8,stadium,07410.jpg,train
3,oil_gas_field,07411.jpg,train
0,car,07412.jpg,train
0,car,07413.jpg,train
9,storage_tank,07414.jpg,train
7,ship,07415.jpg,train
7,ship,07416.jpg,train
9,storage_tank,07417.jpg,train
1,harbor,07418.jpg,train
3,oil_gas_field,07419.jpg,train
1,harbor,07420.jpg,train
1,harbor,07421.jpg,train
3,oil_gas_field,07422.jpg,train
4,parking_lot,07423.jpg,train
3,oil_gas_field,07424.jpg,train
9,storage_tank,07425.jpg,train
7,ship,07426.jpg,train
8,stadium,07427.jpg,train
1,harbor,07428.jpg,train
4,parking_lot,07429.jpg,train
9,storage_tank,07430.jpg,train
1,harbor,07431.jpg,train
5,plane,07432.jpg,train
3,oil_gas_field,07433.jpg,train
5,plane,07434.jpg,train
7,ship,07435.jpg,train
9,storage_tank,07436.jpg,train
6,runway_mark,07437.jpg,train
8,stadium,07438.jpg,train
4,parking_lot,07439.jpg,train
9,storage_tank,07440.jpg,train
0,car,07441.jpg,train
9,storage_tank,07442.jpg,train
6,runway_mark,07443.jpg,train
1,harbor,07444.jpg,train
1,harbor,07445.jpg,train
9,storage_tank,07446.jpg,train
9,storage_tank,07447.jpg,train
1,harbor,07448.jpg,train
8,stadium,07449.jpg,train
6,runway_mark,07450.jpg,train
3,oil_gas_field,07451.jpg,train
5,plane,07452.jpg,train
2,helicopter,07453.jpg,train
9,storage_tank,07454.jpg,train
7,ship,07455.jpg,train
9,storage_tank,07456.jpg,train
4,parking_lot,07457.jpg,train
7,ship,07458.jpg,train
1,harbor,07459.jpg,train
6,runway_mark,07460.jpg,train
2,helicopter,07461.jpg,train
4,parking_lot,07462.jpg,train
7,ship,07463.jpg,train
9,storage_tank,07464.jpg,train
6,runway_mark,07465.jpg,train
5,plane,07466.jpg,train
3,oil_gas_field,07467.jpg,train
3,oil_gas_field,07468.jpg,train
1,harbor,07469.jpg,train
9,storage_tank,07470.jpg,train
6,runway_mark,07471.jpg,train
0,car,07472.jpg,train
5,plane,07473.jpg,train
5,plane,07474.jpg,train
5,plane,07475.jpg,train
2,helicopter,07476.jpg,train
4,parking_lot,07477.jpg,train
6,runway_mark,07478.jpg,train
0,car,07479.jpg,train
0,car,07480.jpg,train
5,plane,07481.jpg,train
0,car,07482.jpg,train
7,ship,07483.jpg,train
3,oil_gas_field,07484.jpg,train
9,storage_tank,07485.jpg,train
3,oil_gas_field,07486.jpg,train
7,ship,07487.jpg,train
1,harbor,07488.jpg,train
9,storage_tank,07489.jpg,train
5,plane,07490.jpg,train
5,plane,07491.jpg,train
7,ship,07492.jpg,train
8,stadium,07493.jpg,train
7,ship,07494.jpg,train
0,car,07495.jpg,train
4,parking_lot,07496.jpg,train
0,car,07497.jpg,train
3,oil_gas_field,07498.jpg,train
4,parking_lot,07499.jpg,train
3,oil_gas_field,07500.jpg,train
5,plane,07501.jpg,train
7,ship,07502.jpg,train
8,stadium,07503.jpg,train
5,plane,07504.jpg,train
8,stadium,07505.jpg,train
3,oil_gas_field,07506.jpg,train
7,ship,07507.jpg,train
7,ship,07508.jpg,train
8,stadium,07509.jpg,train
5,plane,07510.jpg,train
5,plane,07511.jpg,train
2,helicopter,07512.jpg,train
0,car,07513.jpg,train
2,helicopter,07514.jpg,train
2,helicopter,07515.jpg,train
2,helicopter,07516.jpg,train
1,harbor,07517.jpg,train
2,helicopter,07518.jpg,train
0,car,07519.jpg,train
8,stadium,07520.jpg,train
1,harbor,07521.jpg,train
1,harbor,07522.jpg,train
3,oil_gas_field,07523.jpg,train
8,stadium,07524.jpg,train
7,ship,07525.jpg,train
4,parking_lot,07526.jpg,train
9,storage_tank,07527.jpg,train
6,runway_mark,07528.jpg,train
9,storage_tank,07529.jpg,train
5,plane,07530.jpg,train
7,ship,07531.jpg,train
9,storage_tank,07532.jpg,train
7,ship,07533.jpg,train
5,plane,07534.jpg,train
6,runway_mark,07535.jpg,train
0,car,07536.jpg,train
1,harbor,07537.jpg,train
0,car,07538.jpg,train
1,harbor,07539.jpg,train
0,car,07540.jpg,train
1,harbor,07541.jpg,train
3,oil_gas_field,07542.jpg,train
3,oil_gas_field,07543.jpg,train
1,harbor,07544.jpg,train
4,parking_lot,07545.jpg,train
8,stadium,07546.jpg,train
5,plane,07547.jpg,train
8,stadium,07548.jpg,train
8,stadium,07549.jpg,train
9,storage_tank,07550.jpg,train
9,storage_tank,07551.jpg,train
7,ship,07552.jpg,train
6,runway_mark,07553.jpg,train
5,plane,07554.jpg,train
1,harbor,07555.jpg,train
5,plane,07556.jpg,train
1,harbor,07557.jpg,train
0,car,07558.jpg,train
9,storage_tank,07559.jpg,train
7,ship,07560.jpg,train
6,runway_mark,07561.jpg,train
1,harbor,07562.jpg,train
3,oil_gas_field,07563.jpg,train
8,stadium,07564.jpg,train
4,parking_lot,07565.jpg,train
6,runway_mark,07566.jpg,train
3,oil_gas_field,07567.jpg,train
4,parking_lot,07568.jpg,train
1,harbor,07569.jpg,train
8,stadium,07570.jpg,train
8,stadium,07571.jpg,train
0,car,07572.jpg,train
1,harbor,07573.jpg,train
0,car,07574.jpg,train
1,harbor,07575.jpg,train
9,storage_tank,07576.jpg,train
4,parking_lot,07577.jpg,train
3,oil_gas_field,07578.jpg,train
7,ship,07579.jpg,train
9,storage_tank,07580.jpg,train
0,car,07581.jpg,train
4,parking_lot,07582.jpg,train
3,oil_gas_field,07583.jpg,train
5,plane,07584.jpg,train
9,storage_tank,07585.jpg,train
9,storage_tank,07586.jpg,train
6,runway_mark,07587.jpg,train
5,plane,07588.jpg,train
4,parking_lot,07589.jpg,train
5,plane,07590.jpg,train
1,harbor,07591.jpg,train
4,parking_lot,07592.jpg,train
5,plane,07593.jpg,train
7,ship,07594.jpg,train
4,parking_lot,07595.jpg,train
5,plane,07596.jpg,train
4,parking_lot,07597.jpg,train
7,ship,07598.jpg,train
7,ship,07599.jpg,train
9,storage_tank,07600.jpg,train
0,car,07601.jpg,train
1,harbor,07602.jpg,train
3,oil_gas_field,07603.jpg,train
9,storage_tank,07604.jpg,train
9,storage_tank,07605.jpg,train
8,stadium,07606.jpg,train
4,parking_lot,07607.jpg,train
4,parking_lot,07608.jpg,train
9,storage_tank,07609.jpg,train
0,car,07610.jpg,train
3,oil_gas_field,07611.jpg,train
6,runway_mark,07612.jpg,train
8,stadium,07613.jpg,train
0,car,07614.jpg,train
4,parking_lot,07615.jpg,train
6,runway_mark,07616.jpg,train
2,helicopter,07617.jpg,train
3,oil_gas_field,07618.jpg,train
1,harbor,07619.jpg,train
8,stadium,07620.jpg,train
1,harbor,07621.jpg,train
7,ship,07622.jpg,train
6,runway_mark,07623.jpg,train
8,stadium,07624.jpg,train
1,harbor,07625.jpg,train
7,ship,07626.jpg,train
5,plane,07627.jpg,train
1,harbor,07628.jpg,train
3,oil_gas_field,07629.jpg,train
2,helicopter,07630.jpg,train
8,stadium,07631.jpg,train
7,ship,07632.jpg,train
8,stadium,07633.jpg,train
9,storage_tank,07634.jpg,train
4,parking_lot,07635.jpg,train
0,car,07636.jpg,train
7,ship,07637.jpg,train
3,oil_gas_field,07638.jpg,train
7,ship,07639.jpg,train
9,storage_tank,07640.jpg,train
7,ship,07641.jpg,train
3,oil_gas_field,07642.jpg,train
0,car,07643.jpg,train
5,plane,07644.jpg,train
9,storage_tank,07645.jpg,train
1,harbor,07646.jpg,train
0,car,07647.jpg,train
6,runway_mark,07648.jpg,train
6,runway_mark,07649.jpg,train
5,plane,07650.jpg,train
8,stadium,07651.jpg,train
8,stadium,07652.jpg,train
4,parking_lot,07653.jpg,train
3,oil_gas_field,07654.jpg,train
7,ship,07655.jpg,train
8,stadium,07656.jpg,train
6,runway_mark,07657.jpg,train
3,oil_gas_field,07658.jpg,train
5,plane,07659.jpg,train
6,runway_mark,07660.jpg,train
0,car,07661.jpg,train
0,car,07662.jpg,train
3,oil_gas_field,07663.jpg,train
1,harbor,07664.jpg,train
7,ship,07665.jpg,train
2,helicopter,07666.jpg,train
1,harbor,07667.jpg,train
8,stadium,07668.jpg,train
3,oil_gas_field,07669.jpg,train
6,runway_mark,07670.jpg,train
1,harbor,07671.jpg,train
2,helicopter,07672.jpg,train
1,harbor,07673.jpg,train
1,harbor,07674.jpg,train
7,ship,07675.jpg,train
7,ship,07676.jpg,train
6,runway_mark,07677.jpg,train
3,oil_gas_field,07678.jpg,train
4,parking_lot,07679.jpg,train
6,runway_mark,07680.jpg,train
1,harbor,07681.jpg,train
7,ship,07682.jpg,train
5,plane,07683.jpg,train
8,stadium,07684.jpg,train
0,car,07685.jpg,train
1,harbor,07686.jpg,train
0,car,07687.jpg,train
3,oil_gas_field,07688.jpg,train
4,parking_lot,07689.jpg,train
6,runway_mark,07690.jpg,train
6,runway_mark,07691.jpg,train
5,plane,07692.jpg,train
4,parking_lot,07693.jpg,train
9,storage_tank,07694.jpg,train
3,oil_gas_field,07695.jpg,train
2,helicopter,07696.jpg,train
8,stadium,07697.jpg,train
5,plane,07698.jpg,train
7,ship,07699.jpg,train
4,parking_lot,07700.jpg,train
3,oil_gas_field,07701.jpg,train
0,car,07702.jpg,train
5,plane,07703.jpg,train
7,ship,07704.jpg,train
3,oil_gas_field,07705.jpg,train
3,oil_gas_field,07706.jpg,train
7,ship,07707.jpg,train
4,parking_lot,07708.jpg,train
2,helicopter,07709.jpg,train
3,oil_gas_field,07710.jpg,train
8,stadium,07711.jpg,train
9,storage_tank,07712.jpg,train
7,ship,07713.jpg,train
7,ship,07714.jpg,train
2,helicopter,07715.jpg,train
2,helicopter,07716.jpg,train
2,helicopter,07717.jpg,train
0,car,07718.jpg,train
6,runway_mark,07719.jpg,train
8,stadium,07720.jpg,train
9,storage_tank,07721.jpg,train
4,parking_lot,07722.jpg,train
1,harbor,07723.jpg,train
0,car,07724.jpg,train
4,parking_lot,07725.jpg,train
8,stadium,07726.jpg,train
1,harbor,07727.jpg,train
2,helicopter,07728.jpg,train
1,harbor,07729.jpg,train
2,helicopter,07730.jpg,train
7,ship,07731.jpg,train
9,storage_tank,07732.jpg,train
7,ship,07733.jpg,train
6,runway_mark,07734.jpg,train
7,ship,07735.jpg,train
8,stadium,07736.jpg,train
5,plane,07737.jpg,train
0,car,07738.jpg,train
7,ship,07739.jpg,train
7,ship,07740.jpg,train
4,parking_lot,07741.jpg,train
8,stadium,07742.jpg,train
4,parking_lot,07743.jpg,train
9,storage_tank,07744.jpg,train
0,car,07745.jpg,train
5,plane,07746.jpg,train
1,harbor,07747.jpg,train
9,storage_tank,07748.jpg,train
7,ship,07749.jpg,train
3,oil_gas_field,07750.jpg,train
8,stadium,07751.jpg,train
4,parking_lot,07752.jpg,train
2,helicopter,07753.jpg,train
4,parking_lot,07754.jpg,train
7,ship,07755.jpg,train
7,ship,07756.jpg,train
7,ship,07757.jpg,train
0,car,07758.jpg,train
9,storage_tank,07759.jpg,train
6,runway_mark,07760.jpg,train
8,stadium,07761.jpg,train
4,parking_lot,07762.jpg,train
3,oil_gas_field,07763.jpg,train
3,oil_gas_field,07764.jpg,train
6,runway_mark,07765.jpg,train
0,car,07766.jpg,train
3,oil_gas_field,07767.jpg,train
6,runway_mark,07768.jpg,train
7,ship,07769.jpg,train
5,plane,07770.jpg,train
9,storage_tank,07771.jpg,train
7,ship,07772.jpg,train
1,harbor,07773.jpg,train
2,helicopter,07774.jpg,train
0,car,07775.jpg,train
7,ship,07776.jpg,train
1,harbor,07777.jpg,train
3,oil_gas_field,07778.jpg,train
5,plane,07779.jpg,train
3,oil_gas_field,07780.jpg,train
9,storage_tank,07781.jpg,train
2,helicopter,07782.jpg,train
5,plane,07783.jpg,train
1,harbor,07784.jpg,train
9,storage_tank,07785.jpg,train
4,parking_lot,07786.jpg,train
9,storage_tank,07787.jpg,train
0,car,07788.jpg,train
6,runway_mark,07789.jpg,train
1,harbor,07790.jpg,train
9,storage_tank,07791.jpg,train
6,runway_mark,07792.jpg,train
8,stadium,07793.jpg,train
4,parking_lot,07794.jpg,train
3,oil_gas_field,07795.jpg,train
8,stadium,07796.jpg,train
2,helicopter,07797.jpg,train
8,stadium,07798.jpg,train
3,oil_gas_field,07799.jpg,train
4,parking_lot,07800.jpg,train
4,parking_lot,07801.jpg,train
3,oil_gas_field,07802.jpg,train
6,runway_mark,07803.jpg,train
1,harbor,07804.jpg,train
3,oil_gas_field,07805.jpg,train
3,oil_gas_field,07806.jpg,train
9,storage_tank,07807.jpg,train
7,ship,07808.jpg,train
8,stadium,07809.jpg,train
4,parking_lot,07810.jpg,train
5,plane,07811.jpg,train
1,harbor,07812.jpg,train
6,runway_mark,07813.jpg,train
3,oil_gas_field,07814.jpg,train
3,oil_gas_field,07815.jpg,train
6,runway_mark,07816.jpg,train
6,runway_mark,07817.jpg,train
5,plane,07818.jpg,train
3,oil_gas_field,07819.jpg,train
5,plane,07820.jpg,train
7,ship,07821.jpg,train
1,harbor,07822.jpg,train
2,helicopter,07823.jpg,train
6,runway_mark,07824.jpg,train
7,ship,07825.jpg,train
6,runway_mark,07826.jpg,train
3,oil_gas_field,07827.jpg,train
3,oil_gas_field,07828.jpg,train
4,parking_lot,07829.jpg,train
8,stadium,07830.jpg,train
0,car,07831.jpg,train
3,oil_gas_field,07832.jpg,train
4,parking_lot,07833.jpg,train
0,car,07834.jpg,train
2,helicopter,07835.jpg,train
6,runway_mark,07836.jpg,train
0,car,07837.jpg,train
6,runway_mark,07838.jpg,train
3,oil_gas_field,07839.jpg,train
3,oil_gas_field,07840.jpg,train
2,helicopter,07841.jpg,train
4,parking_lot,07842.jpg,train
0,car,07843.jpg,train
4,parking_lot,07844.jpg,train
2,helicopter,07845.jpg,train
1,harbor,07846.jpg,train
6,runway_mark,07847.jpg,train
2,helicopter,07848.jpg,train
4,parking_lot,07849.jpg,train
7,ship,07850.jpg,train
1,harbor,07851.jpg,train
0,car,07852.jpg,train
3,oil_gas_field,07853.jpg,train
2,helicopter,07854.jpg,train
2,helicopter,07855.jpg,train
3,oil_gas_field,07856.jpg,train
5,plane,07857.jpg,train
7,ship,07858.jpg,train
9,storage_tank,07859.jpg,train
1,harbor,07860.jpg,train
9,storage_tank,07861.jpg,train
2,helicopter,07862.jpg,train
2,helicopter,07863.jpg,train
5,plane,07864.jpg,train
3,oil_gas_field,07865.jpg,train
3,oil_gas_field,07866.jpg,train
5,plane,07867.jpg,train
2,helicopter,07868.jpg,train
2,helicopter,07869.jpg,train
6,runway_mark,07870.jpg,train
5,plane,07871.jpg,train
0,car,07872.jpg,train
9,storage_tank,07873.jpg,train
1,harbor,07874.jpg,train
4,parking_lot,07875.jpg,train
9,storage_tank,07876.jpg,train
5,plane,07877.jpg,train
5,plane,07878.jpg,train
8,stadium,07879.jpg,train
2,helicopter,07880.jpg,train
2,helicopter,07881.jpg,train
6,runway_mark,07882.jpg,train
5,plane,07883.jpg,train
0,car,07884.jpg,train
2,helicopter,07885.jpg,train
8,stadium,07886.jpg,train
5,plane,07887.jpg,train
0,car,07888.jpg,train
5,plane,07889.jpg,train
4,parking_lot,07890.jpg,train
3,oil_gas_field,07891.jpg,train
5,plane,07892.jpg,train
4,parking_lot,07893.jpg,train
6,runway_mark,07894.jpg,train
5,plane,07895.jpg,train
6,runway_mark,07896.jpg,train
0,car,07897.jpg,train
1,harbor,07898.jpg,train
6,runway_mark,07899.jpg,train
3,oil_gas_field,07900.jpg,train
9,storage_tank,07901.jpg,train
0,car,07902.jpg,train
9,storage_tank,07903.jpg,train
7,ship,07904.jpg,train
8,stadium,07905.jpg,train
0,car,07906.jpg,train
4,parking_lot,07907.jpg,train
3,oil_gas_field,07908.jpg,train
1,harbor,07909.jpg,train
3,oil_gas_field,07910.jpg,train
8,stadium,07911.jpg,train
6,runway_mark,07912.jpg,train
1,harbor,07913.jpg,train
5,plane,07914.jpg,train
7,ship,07915.jpg,train
3,oil_gas_field,07916.jpg,train
6,runway_mark,07917.jpg,train
2,helicopter,07918.jpg,train
8,stadium,07919.jpg,train
3,oil_gas_field,07920.jpg,train
8,stadium,07921.jpg,train
9,storage_tank,07922.jpg,train
6,runway_mark,07923.jpg,train
7,ship,07924.jpg,train
6,runway_mark,07925.jpg,train
8,stadium,07926.jpg,train
3,oil_gas_field,07927.jpg,train
0,car,07928.jpg,train
2,helicopter,07929.jpg,train
5,plane,07930.jpg,train
7,ship,07931.jpg,train
9,storage_tank,07932.jpg,train
3,oil_gas_field,07933.jpg,train
4,parking_lot,07934.jpg,train
9,storage_tank,07935.jpg,train
7,ship,07936.jpg,train
1,harbor,07937.jpg,train
3,oil_gas_field,07938.jpg,train
8,stadium,07939.jpg,train
3,oil_gas_field,07940.jpg,train
7,ship,07941.jpg,train
7,ship,07942.jpg,train
5,plane,07943.jpg,train
7,ship,07944.jpg,train
0,car,07945.jpg,train
1,harbor,07946.jpg,train
0,car,07947.jpg,train
2,helicopter,07948.jpg,train
6,runway_mark,07949.jpg,train
3,oil_gas_field,07950.jpg,train
8,stadium,07951.jpg,train
3,oil_gas_field,07952.jpg,train
2,helicopter,07953.jpg,train
1,harbor,07954.jpg,train
5,plane,07955.jpg,train
7,ship,07956.jpg,train
9,storage_tank,07957.jpg,train
8,stadium,07958.jpg,train
9,storage_tank,07959.jpg,train
9,storage_tank,07960.jpg,train
8,stadium,07961.jpg,train
7,ship,07962.jpg,train
4,parking_lot,07963.jpg,train
9,storage_tank,07964.jpg,train
9,storage_tank,07965.jpg,train
1,harbor,07966.jpg,train
9,storage_tank,07967.jpg,train
8,stadium,07968.jpg,train
3,oil_gas_field,07969.jpg,train
9,storage_tank,07970.jpg,train
9,storage_tank,07971.jpg,train
3,oil_gas_field,07972.jpg,train
1,harbor,07973.jpg,train
8,stadium,07974.jpg,train
5,plane,07975.jpg,train
9,storage_tank,07976.jpg,train
3,oil_gas_field,07977.jpg,train
1,harbor,07978.jpg,train
0,car,07979.jpg,train
1,harbor,07980.jpg,train
9,storage_tank,07981.jpg,train
5,plane,07982.jpg,train
1,harbor,07983.jpg,train
4,parking_lot,07984.jpg,train
4,parking_lot,07985.jpg,train
5,plane,07986.jpg,train
8,stadium,07987.jpg,train
4,parking_lot,07988.jpg,train
4,parking_lot,07989.jpg,train
6,runway_mark,07990.jpg,train
0,car,07991.jpg,train
5,plane,07992.jpg,train
5,plane,07993.jpg,train
2,helicopter,07994.jpg,train
3,oil_gas_field,07995.jpg,train
3,oil_gas_field,07996.jpg,train
5,plane,07997.jpg,train
8,stadium,07998.jpg,train
4,parking_lot,07999.jpg,train
2,helicopter,08000.jpg,train
2,helicopter,08001.jpg,train
8,stadium,08002.jpg,train
2,helicopter,08003.jpg,train
8,stadium,08004.jpg,train
1,harbor,08005.jpg,train
9,storage_tank,08006.jpg,train
0,car,08007.jpg,train
5,plane,08008.jpg,train
9,storage_tank,08009.jpg,train
6,runway_mark,08010.jpg,train
6,runway_mark,08011.jpg,train
3,oil_gas_field,08012.jpg,train
7,ship,08013.jpg,train
2,helicopter,08014.jpg,train
5,plane,08015.jpg,train
5,plane,08016.jpg,train
4,parking_lot,08017.jpg,train
1,harbor,08018.jpg,train
6,runway_mark,08019.jpg,train
8,stadium,08020.jpg,train
6,runway_mark,08021.jpg,train
5,plane,08022.jpg,train
6,runway_mark,08023.jpg,train
9,storage_tank,08024.jpg,train
5,plane,08025.jpg,train
4,parking_lot,08026.jpg,train
5,plane,08027.jpg,train
6,runway_mark,08028.jpg,train
6,runway_mark,08029.jpg,train
2,helicopter,08030.jpg,train
1,harbor,08031.jpg,train
4,parking_lot,08032.jpg,train
3,oil_gas_field,08033.jpg,train
6,runway_mark,08034.jpg,train
4,parking_lot,08035.jpg,train
1,harbor,08036.jpg,train
9,storage_tank,08037.jpg,train
5,plane,08038.jpg,train
2,helicopter,08039.jpg,train
7,ship,08040.jpg,train
0,car,08041.jpg,train
7,ship,08042.jpg,train
2,helicopter,08043.jpg,train
9,storage_tank,08044.jpg,train
3,oil_gas_field,08045.jpg,train
1,harbor,08046.jpg,train
3,oil_gas_field,08047.jpg,train
8,stadium,08048.jpg,train
2,helicopter,08049.jpg,train
2,helicopter,08050.jpg,train
3,oil_gas_field,08051.jpg,train
6,runway_mark,08052.jpg,train
1,harbor,08053.jpg,train
7,ship,08054.jpg,train
3,oil_gas_field,08055.jpg,train
1,harbor,08056.jpg,train
4,parking_lot,08057.jpg,train
1,harbor,08058.jpg,train
5,plane,08059.jpg,train
1,harbor,08060.jpg,train
0,car,08061.jpg,train
4,parking_lot,08062.jpg,train
4,parking_lot,08063.jpg,train
4,parking_lot,08064.jpg,train
4,parking_lot,08065.jpg,train
4,parking_lot,08066.jpg,train
6,runway_mark,08067.jpg,train
4,parking_lot,08068.jpg,train
9,storage_tank,08069.jpg,train
3,oil_gas_field,08070.jpg,train
1,harbor,08071.jpg,train
1,harbor,08072.jpg,train
7,ship,08073.jpg,train
7,ship,08074.jpg,train
1,harbor,08075.jpg,train
1,harbor,08076.jpg,train
1,harbor,08077.jpg,train
8,stadium,08078.jpg,train
1,harbor,08079.jpg,train
1,harbor,08080.jpg,train
4,parking_lot,08081.jpg,train
7,ship,08082.jpg,train
6,runway_mark,08083.jpg,train
5,plane,08084.jpg,train
2,helicopter,08085.jpg,train
1,harbor,08086.jpg,train
2,helicopter,08087.jpg,train
0,car,08088.jpg,train
4,parking_lot,08089.jpg,train
0,car,08090.jpg,train
9,storage_tank,08091.jpg,train
9,storage_tank,08092.jpg,train
8,stadium,08093.jpg,train
2,helicopter,08094.jpg,train
8,stadium,08095.jpg,train
4,parking_lot,08096.jpg,train
2,helicopter,08097.jpg,train
7,ship,08098.jpg,train
1,harbor,08099.jpg,train
8,stadium,08100.jpg,train
5,plane,08101.jpg,train
4,parking_lot,08102.jpg,train
4,parking_lot,08103.jpg,train
7,ship,08104.jpg,train
4,parking_lot,08105.jpg,train
9,storage_tank,08106.jpg,train
2,helicopter,08107.jpg,train
8,stadium,08108.jpg,train
5,plane,08109.jpg,train
4,parking_lot,08110.jpg,train
4,parking_lot,08111.jpg,train
3,oil_gas_field,08112.jpg,train
4,parking_lot,08113.jpg,train
4,parking_lot,08114.jpg,train
5,plane,08115.jpg,train
1,harbor,08116.jpg,train
3,oil_gas_field,08117.jpg,train
0,car,08118.jpg,train
5,plane,08119.jpg,train
9,storage_tank,08120.jpg,train
2,helicopter,08121.jpg,train
2,helicopter,08122.jpg,train
9,storage_tank,08123.jpg,train
6,runway_mark,08124.jpg,train
5,plane,08125.jpg,train
1,harbor,08126.jpg,train
0,car,08127.jpg,train
4,parking_lot,08128.jpg,train
4,parking_lot,08129.jpg,train
6,runway_mark,08130.jpg,train
5,plane,08131.jpg,train
5,plane,08132.jpg,train
1,harbor,08133.jpg,train
0,car,08134.jpg,train
9,storage_tank,08135.jpg,train
6,runway_mark,08136.jpg,train
2,helicopter,08137.jpg,train
0,car,08138.jpg,train
5,plane,08139.jpg,train
9,storage_tank,08140.jpg,train
6,runway_mark,08141.jpg,train
8,stadium,08142.jpg,train
6,runway_mark,08143.jpg,train
9,storage_tank,08144.jpg,train
9,storage_tank,08145.jpg,train
3,oil_gas_field,08146.jpg,train
2,helicopter,08147.jpg,train
0,car,08148.jpg,train
9,storage_tank,08149.jpg,train
6,runway_mark,08150.jpg,train
1,harbor,08151.jpg,train
7,ship,08152.jpg,train
1,harbor,08153.jpg,train
8,stadium,08154.jpg,train
6,runway_mark,08155.jpg,train
4,parking_lot,08156.jpg,train
2,helicopter,08157.jpg,train
3,oil_gas_field,08158.jpg,train
8,stadium,08159.jpg,train
5,plane,08160.jpg,train
8,stadium,08161.jpg,train
1,harbor,08162.jpg,train
7,ship,08163.jpg,train
4,parking_lot,08164.jpg,train
6,runway_mark,08165.jpg,train
1,harbor,08166.jpg,train
7,ship,08167.jpg,train
7,ship,08168.jpg,train
5,plane,08169.jpg,train
6,runway_mark,08170.jpg,train
3,oil_gas_field,08171.jpg,train
3,oil_gas_field,08172.jpg,train
8,stadium,08173.jpg,train
4,parking_lot,08174.jpg,train
7,ship,08175.jpg,train
9,storage_tank,08176.jpg,train
2,helicopter,08177.jpg,train
9,storage_tank,08178.jpg,train
3,oil_gas_field,08179.jpg,train
9,storage_tank,08180.jpg,train
4,parking_lot,08181.jpg,train
7,ship,08182.jpg,train
6,runway_mark,08183.jpg,train
9,storage_tank,08184.jpg,train
9,storage_tank,08185.jpg,train
3,oil_gas_field,08186.jpg,train
7,ship,08187.jpg,train
9,storage_tank,08188.jpg,train
4,parking_lot,08189.jpg,train
7,ship,08190.jpg,train
5,plane,08191.jpg,train
3,oil_gas_field,08192.jpg,train
3,oil_gas_field,08193.jpg,train
4,parking_lot,08194.jpg,train
9,storage_tank,08195.jpg,train
3,oil_gas_field,08196.jpg,train
0,car,08197.jpg,train
3,oil_gas_field,08198.jpg,train
2,helicopter,08199.jpg,train
7,ship,08200.jpg,train
5,plane,08201.jpg,train
7,ship,08202.jpg,train
3,oil_gas_field,08203.jpg,train
7,ship,08204.jpg,train
5,plane,08205.jpg,train
4,parking_lot,08206.jpg,train
6,runway_mark,08207.jpg,train
6,runway_mark,08208.jpg,train
1,harbor,08209.jpg,train
4,parking_lot,08210.jpg,train
5,plane,08211.jpg,train
7,ship,08212.jpg,train
2,helicopter,08213.jpg,train
6,runway_mark,08214.jpg,train
4,parking_lot,08215.jpg,train
5,plane,08216.jpg,train
0,car,08217.jpg,train
0,car,08218.jpg,train
4,parking_lot,08219.jpg,train
8,stadium,08220.jpg,train
3,oil_gas_field,08221.jpg,train
5,plane,08222.jpg,train
7,ship,08223.jpg,train
8,stadium,08224.jpg,train
4,parking_lot,08225.jpg,train
0,car,08226.jpg,train
5,plane,08227.jpg,train
0,car,08228.jpg,train
2,helicopter,08229.jpg,train
8,stadium,08230.jpg,train
6,runway_mark,08231.jpg,train
6,runway_mark,08232.jpg,train
7,ship,08233.jpg,train
4,parking_lot,08234.jpg,train
3,oil_gas_field,08235.jpg,train
6,runway_mark,08236.jpg,train
1,harbor,08237.jpg,train
5,plane,08238.jpg,train
1,harbor,08239.jpg,train
5,plane,08240.jpg,train
9,storage_tank,08241.jpg,train
4,parking_lot,08242.jpg,train
1,harbor,08243.jpg,train
3,oil_gas_field,08244.jpg,train
8,stadium,08245.jpg,train
5,plane,08246.jpg,train
9,storage_tank,08247.jpg,train
8,stadium,08248.jpg,train
1,harbor,08249.jpg,train
5,plane,08250.jpg,train
8,stadium,08251.jpg,train
6,runway_mark,08252.jpg,train
3,oil_gas_field,08253.jpg,train
1,harbor,08254.jpg,train
0,car,08255.jpg,train
4,parking_lot,08256.jpg,train
4,parking_lot,08257.jpg,train
3,oil_gas_field,08258.jpg,train
4,parking_lot,08259.jpg,train
2,helicopter,08260.jpg,train
3,oil_gas_field,08261.jpg,train
6,runway_mark,08262.jpg,train
7,ship,08263.jpg,train
7,ship,08264.jpg,train
2,helicopter,08265.jpg,train
9,storage_tank,08266.jpg,train
6,runway_mark,08267.jpg,train
6,runway_mark,08268.jpg,train
8,stadium,08269.jpg,train
3,oil_gas_field,08270.jpg,train
4,parking_lot,08271.jpg,train
0,car,08272.jpg,train
5,plane,08273.jpg,train
0,car,08274.jpg,train
2,helicopter,08275.jpg,train
0,car,08276.jpg,train
0,car,08277.jpg,train
1,harbor,08278.jpg,train
0,car,08279.jpg,train
2,helicopter,08280.jpg,train
7,ship,08281.jpg,train
7,ship,08282.jpg,train
4,parking_lot,08283.jpg,train
9,storage_tank,08284.jpg,train
0,car,08285.jpg,train
1,harbor,08286.jpg,train
6,runway_mark,08287.jpg,train
8,stadium,08288.jpg,train
8,stadium,08289.jpg,train
1,harbor,08290.jpg,train
3,oil_gas_field,08291.jpg,train
4,parking_lot,08292.jpg,train
4,parking_lot,08293.jpg,train
2,helicopter,08294.jpg,train
8,stadium,08295.jpg,train
7,ship,08296.jpg,train
7,ship,08297.jpg,train
4,parking_lot,08298.jpg,train
6,runway_mark,08299.jpg,train
1,harbor,08300.jpg,train
3,oil_gas_field,08301.jpg,train
7,ship,08302.jpg,train
8,stadium,08303.jpg,train
4,parking_lot,08304.jpg,train
4,parking_lot,08305.jpg,train
3,oil_gas_field,08306.jpg,train
7,ship,08307.jpg,train
1,harbor,08308.jpg,train
1,harbor,08309.jpg,train
8,stadium,08310.jpg,train
5,plane,08311.jpg,train
8,stadium,08312.jpg,train
7,ship,08313.jpg,train
5,plane,08314.jpg,train
6,runway_mark,08315.jpg,train
1,harbor,08316.jpg,train
7,ship,08317.jpg,train
0,car,08318.jpg,train
9,storage_tank,08319.jpg,train
4,parking_lot,08320.jpg,train
9,storage_tank,08321.jpg,train
3,oil_gas_field,08322.jpg,train
8,stadium,08323.jpg,train
1,harbor,08324.jpg,train
4,parking_lot,08325.jpg,train
8,stadium,08326.jpg,train
1,harbor,08327.jpg,train
0,car,08328.jpg,train
9,storage_tank,08329.jpg,train
9,storage_tank,08330.jpg,train
0,car,08331.jpg,train
5,plane,08332.jpg,train
9,storage_tank,08333.jpg,train
6,runway_mark,08334.jpg,train
3,oil_gas_field,08335.jpg,train
6,runway_mark,08336.jpg,train
5,plane,08337.jpg,train
9,storage_tank,08338.jpg,train
4,parking_lot,08339.jpg,train
4,parking_lot,08340.jpg,train
8,stadium,08341.jpg,train
6,runway_mark,08342.jpg,train
9,storage_tank,08343.jpg,train
0,car,08344.jpg,train
5,plane,08345.jpg,train
1,harbor,08346.jpg,train
9,storage_tank,08347.jpg,train
3,oil_gas_field,08348.jpg,train
0,car,08349.jpg,train
8,stadium,08350.jpg,train
5,plane,08351.jpg,train
7,ship,08352.jpg,train
4,parking_lot,08353.jpg,train
8,stadium,08354.jpg,train
3,oil_gas_field,08355.jpg,train
8,stadium,08356.jpg,train
7,ship,08357.jpg,train
3,oil_gas_field,08358.jpg,train
6,runway_mark,08359.jpg,train
1,harbor,08360.jpg,train
9,storage_tank,08361.jpg,train
1,harbor,08362.jpg,train
9,storage_tank,08363.jpg,train
9,storage_tank,08364.jpg,train
2,helicopter,08365.jpg,train
4,parking_lot,08366.jpg,train
8,stadium,08367.jpg,train
0,car,08368.jpg,train
2,helicopter,08369.jpg,train
1,harbor,08370.jpg,train
5,plane,08371.jpg,train
8,stadium,08372.jpg,train
7,ship,08373.jpg,train
3,oil_gas_field,08374.jpg,train
7,ship,08375.jpg,train
5,plane,08376.jpg,train
2,helicopter,08377.jpg,train
6,runway_mark,08378.jpg,train
8,stadium,08379.jpg,train
8,stadium,08380.jpg,train
2,helicopter,08381.jpg,train
4,parking_lot,08382.jpg,train
2,helicopter,08383.jpg,train
8,stadium,08384.jpg,train
5,plane,08385.jpg,train
8,stadium,08386.jpg,train
8,stadium,08387.jpg,train
7,ship,08388.jpg,train
3,oil_gas_field,08389.jpg,train
2,helicopter,08390.jpg,train
0,car,08391.jpg,train
9,storage_tank,08392.jpg,train
7,ship,08393.jpg,train
7,ship,08394.jpg,train
6,runway_mark,08395.jpg,train
6,runway_mark,08396.jpg,train
7,ship,08397.jpg,train
1,harbor,08398.jpg,train
7,ship,08399.jpg,train
4,parking_lot,08400.jpg,train
6,runway_mark,08401.jpg,train
1,harbor,08402.jpg,train
6,runway_mark,08403.jpg,train
1,harbor,08404.jpg,train
5,plane,08405.jpg,train
1,harbor,08406.jpg,train
8,stadium,08407.jpg,train
6,runway_mark,08408.jpg,train
3,oil_gas_field,08409.jpg,train
4,parking_lot,08410.jpg,train
4,parking_lot,08411.jpg,train
8,stadium,08412.jpg,train
1,harbor,08413.jpg,train
0,car,08414.jpg,train
4,parking_lot,08415.jpg,train
1,harbor,08416.jpg,train
9,storage_tank,08417.jpg,train
6,runway_mark,08418.jpg,train
3,oil_gas_field,08419.jpg,train
0,car,08420.jpg,train
3,oil_gas_field,08421.jpg,train
8,stadium,08422.jpg,train
7,ship,08423.jpg,train
0,car,08424.jpg,train
3,oil_gas_field,08425.jpg,train
5,plane,08426.jpg,train
7,ship,08427.jpg,train
7,ship,08428.jpg,train
0,car,08429.jpg,train
5,plane,08430.jpg,train
4,parking_lot,08431.jpg,train
8,stadium,08432.jpg,train
1,harbor,08433.jpg,train
3,oil_gas_field,08434.jpg,train
5,plane,08435.jpg,train
8,stadium,08436.jpg,train
9,storage_tank,08437.jpg,train
2,helicopter,08438.jpg,train
4,parking_lot,08439.jpg,train
9,storage_tank,08440.jpg,train
7,ship,08441.jpg,train
2,helicopter,08442.jpg,train
9,storage_tank,08443.jpg,train
2,helicopter,08444.jpg,train
2,helicopter,08445.jpg,train
9,storage_tank,08446.jpg,train
4,parking_lot,08447.jpg,train
4,parking_lot,08448.jpg,train
0,car,08449.jpg,train
8,stadium,08450.jpg,train
3,oil_gas_field,08451.jpg,train
8,stadium,08452.jpg,train
1,harbor,08453.jpg,train
8,stadium,08454.jpg,train
2,helicopter,08455.jpg,train
1,harbor,08456.jpg,train
2,helicopter,08457.jpg,train
6,runway_mark,08458.jpg,train
9,storage_tank,08459.jpg,train
9,storage_tank,08460.jpg,train
6,runway_mark,08461.jpg,train
0,car,08462.jpg,train
0,car,08463.jpg,train
9,storage_tank,08464.jpg,train
0,car,08465.jpg,train
2,helicopter,08466.jpg,train
1,harbor,08467.jpg,train
5,plane,08468.jpg,train
7,ship,08469.jpg,train
1,harbor,08470.jpg,train
9,storage_tank,08471.jpg,train
4,parking_lot,08472.jpg,train
0,car,08473.jpg,train
7,ship,08474.jpg,train
3,oil_gas_field,08475.jpg,train
9,storage_tank,08476.jpg,train
0,car,08477.jpg,train
6,runway_mark,08478.jpg,train
2,helicopter,08479.jpg,train
9,storage_tank,08480.jpg,train
6,runway_mark,08481.jpg,train
0,car,08482.jpg,train
5,plane,08483.jpg,train
2,helicopter,08484.jpg,train
8,stadium,08485.jpg,train
8,stadium,08486.jpg,train
5,plane,08487.jpg,train
5,plane,08488.jpg,train
2,helicopter,08489.jpg,train
3,oil_gas_field,08490.jpg,train
6,runway_mark,08491.jpg,train
3,oil_gas_field,08492.jpg,train
1,harbor,08493.jpg,train
6,runway_mark,08494.jpg,train
4,parking_lot,08495.jpg,train
4,parking_lot,08496.jpg,train
8,stadium,08497.jpg,train
6,runway_mark,08498.jpg,train
9,storage_tank,08499.jpg,train
8,stadium,08500.jpg,train
5,plane,08501.jpg,train
3,oil_gas_field,08502.jpg,train
0,car,08503.jpg,train
6,runway_mark,08504.jpg,train
5,plane,08505.jpg,train
7,ship,08506.jpg,train
9,storage_tank,08507.jpg,train
7,ship,08508.jpg,train
3,oil_gas_field,08509.jpg,train
5,plane,08510.jpg,train
5,plane,08511.jpg,train
4,parking_lot,08512.jpg,train
0,car,08513.jpg,train
9,storage_tank,08514.jpg,train
9,storage_tank,08515.jpg,train
0,car,08516.jpg,train
7,ship,08517.jpg,train
0,car,08518.jpg,train
5,plane,08519.jpg,train
5,plane,08520.jpg,test
1,harbor,08521.jpg,test
4,parking_lot,08522.jpg,test
3,oil_gas_field,08523.jpg,test
7,ship,08524.jpg,test
7,ship,08525.jpg,test
8,stadium,08526.jpg,test
6,runway_mark,08527.jpg,test
9,storage_tank,08528.jpg,test
6,runway_mark,08529.jpg,test
6,runway_mark,08530.jpg,test
0,car,08531.jpg,test
3,oil_gas_field,08532.jpg,test
0,car,08533.jpg,test
1,harbor,08534.jpg,test
5,plane,08535.jpg,test
6,runway_mark,08536.jpg,test
3,oil_gas_field,08537.jpg,test
3,oil_gas_field,08538.jpg,test
7,ship,08539.jpg,test
0,car,08540.jpg,test
3,oil_gas_field,08541.jpg,test
2,helicopter,08542.jpg,test
4,parking_lot,08543.jpg,test
3,oil_gas_field,08544.jpg,test
4,parking_lot,08545.jpg,test
5,plane,08546.jpg,test
6,runway_mark,08547.jpg,test
4,parking_lot,08548.jpg,test
5,plane,08549.jpg,test
2,helicopter,08550.jpg,test
2,helicopter,08551.jpg,test
4,parking_lot,08552.jpg,test
7,ship,08553.jpg,test
8,stadium,08554.jpg,test
4,parking_lot,08555.jpg,test
4,parking_lot,08556.jpg,test
7,ship,08557.jpg,test
6,runway_mark,08558.jpg,test
7,ship,08559.jpg,test
0,car,08560.jpg,test
8,stadium,08561.jpg,test
4,parking_lot,08562.jpg,test
4,parking_lot,08563.jpg,test
1,harbor,08564.jpg,test
1,harbor,08565.jpg,test
4,parking_lot,08566.jpg,test
2,helicopter,08567.jpg,test
2,helicopter,08568.jpg,test
5,plane,08569.jpg,test
0,car,08570.jpg,test
1,harbor,08571.jpg,test
5,plane,08572.jpg,test
9,storage_tank,08573.jpg,test
1,harbor,08574.jpg,test
4,parking_lot,08575.jpg,test
4,parking_lot,08576.jpg,test
0,car,08577.jpg,test
2,helicopter,08578.jpg,test
8,stadium,08579.jpg,test
5,plane,08580.jpg,test
7,ship,08581.jpg,test
0,car,08582.jpg,test
6,runway_mark,08583.jpg,test
7,ship,08584.jpg,test
5,plane,08585.jpg,test
6,runway_mark,08586.jpg,test
2,helicopter,08587.jpg,test
7,ship,08588.jpg,test
3,oil_gas_field,08589.jpg,test
7,ship,08590.jpg,test
3,oil_gas_field,08591.jpg,test
3,oil_gas_field,08592.jpg,test
9,storage_tank,08593.jpg,test
8,stadium,08594.jpg,test
8,stadium,08595.jpg,test
0,car,08596.jpg,test
6,runway_mark,08597.jpg,test
7,ship,08598.jpg,test
9,storage_tank,08599.jpg,test
8,stadium,08600.jpg,test
8,stadium,08601.jpg,test
1,harbor,08602.jpg,test
5,plane,08603.jpg,test
3,oil_gas_field,08604.jpg,test
9,storage_tank,08605.jpg,test
5,plane,08606.jpg,test
3,oil_gas_field,08607.jpg,test
6,runway_mark,08608.jpg,test
3,oil_gas_field,08609.jpg,test
2,helicopter,08610.jpg,test
1,harbor,08611.jpg,test
5,plane,08612.jpg,test
5,plane,08613.jpg,test
6,runway_mark,08614.jpg,test
0,car,08615.jpg,test
5,plane,08616.jpg,test
5,plane,08617.jpg,test
0,car,08618.jpg,test
4,parking_lot,08619.jpg,test
2,helicopter,08620.jpg,test
0,car,08621.jpg,test
7,ship,08622.jpg,test
3,oil_gas_field,08623.jpg,test
6,runway_mark,08624.jpg,test
1,harbor,08625.jpg,test
8,stadium,08626.jpg,test
8,stadium,08627.jpg,test
0,car,08628.jpg,test
9,storage_tank,08629.jpg,test
1,harbor,08630.jpg,test
9,storage_tank,08631.jpg,test
3,oil_gas_field,08632.jpg,test
4,parking_lot,08633.jpg,test
9,storage_tank,08634.jpg,test
5,plane,08635.jpg,test
8,stadium,08636.jpg,test
8,stadium,08637.jpg,test
1,harbor,08638.jpg,test
8,stadium,08639.jpg,test
3,oil_gas_field,08640.jpg,test
3,oil_gas_field,08641.jpg,test
3,oil_gas_field,08642.jpg,test
2,helicopter,08643.jpg,test
6,runway_mark,08644.jpg,test
7,ship,08645.jpg,test
3,oil_gas_field,08646.jpg,test
9,storage_tank,08647.jpg,test
2,helicopter,08648.jpg,test
7,ship,08649.jpg,test
3,oil_gas_field,08650.jpg,test
5,plane,08651.jpg,test
1,harbor,08652.jpg,test
8,stadium,08653.jpg,test
0,car,08654.jpg,test
8,stadium,08655.jpg,test
8,stadium,08656.jpg,test
9,storage_tank,08657.jpg,test
7,ship,08658.jpg,test
1,harbor,08659.jpg,test
4,parking_lot,08660.jpg,test
0,car,08661.jpg,test
8,stadium,08662.jpg,test
8,stadium,08663.jpg,test
9,storage_tank,08664.jpg,test
2,helicopter,08665.jpg,test
6,runway_mark,08666.jpg,test
8,stadium,08667.jpg,test
1,harbor,08668.jpg,test
5,plane,08669.jpg,test
0,car,08670.jpg,test
0,car,08671.jpg,test
7,ship,08672.jpg,test
1,harbor,08673.jpg,test
7,ship,08674.jpg,test
6,runway_mark,08675.jpg,test
5,plane,08676.jpg,test
8,stadium,08677.jpg,test
5,plane,08678.jpg,test
8,stadium,08679.jpg,test
8,stadium,08680.jpg,test
9,storage_tank,08681.jpg,test
2,helicopter,08682.jpg,test
0,car,08683.jpg,test
1,harbor,08684.jpg,test
2,helicopter,08685.jpg,test
0,car,08686.jpg,test
7,ship,08687.jpg,test
4,parking_lot,08688.jpg,test
5,plane,08689.jpg,test
0,car,08690.jpg,test
7,ship,08691.jpg,test
0,car,08692.jpg,test
1,harbor,08693.jpg,test
1,harbor,08694.jpg,test
0,car,08695.jpg,test
5,plane,08696.jpg,test
0,car,08697.jpg,test
3,oil_gas_field,08698.jpg,test
2,helicopter,08699.jpg,test
0,car,08700.jpg,test
4,parking_lot,08701.jpg,test
5,plane,08702.jpg,test
7,ship,08703.jpg,test
0,car,08704.jpg,test
3,oil_gas_field,08705.jpg,test
7,ship,08706.jpg,test
0,car,08707.jpg,test
1,harbor,08708.jpg,test
9,storage_tank,08709.jpg,test
0,car,08710.jpg,test
7,ship,08711.jpg,test
8,stadium,08712.jpg,test
5,plane,08713.jpg,test
3,oil_gas_field,08714.jpg,test
0,car,08715.jpg,test
4,parking_lot,08716.jpg,test
2,helicopter,08717.jpg,test
9,storage_tank,08718.jpg,test
3,oil_gas_field,08719.jpg,test
8,stadium,08720.jpg,test
3,oil_gas_field,08721.jpg,test
9,storage_tank,08722.jpg,test
8,stadium,08723.jpg,test
0,car,08724.jpg,test
7,ship,08725.jpg,test
1,harbor,08726.jpg,test
4,parking_lot,08727.jpg,test
7,ship,08728.jpg,test
2,helicopter,08729.jpg,test
0,car,08730.jpg,test
9,storage_tank,08731.jpg,test
9,storage_tank,08732.jpg,test
8,stadium,08733.jpg,test
3,oil_gas_field,08734.jpg,test
4,parking_lot,08735.jpg,test
4,parking_lot,08736.jpg,test
7,ship,08737.jpg,test
9,storage_tank,08738.jpg,test
3,oil_gas_field,08739.jpg,test
0,car,08740.jpg,test
7,ship,08741.jpg,test
8,stadium,08742.jpg,test
9,storage_tank,08743.jpg,test
7,ship,08744.jpg,test
2,helicopter,08745.jpg,test
8,stadium,08746.jpg,test
0,car,08747.jpg,test
0,car,08748.jpg,test
4,parking_lot,08749.jpg,test
7,ship,08750.jpg,test
9,storage_tank,08751.jpg,test
8,stadium,08752.jpg,test
5,plane,08753.jpg,test
7,ship,08754.jpg,test
7,ship,08755.jpg,test
4,parking_lot,08756.jpg,test
2,helicopter,08757.jpg,test
0,car,08758.jpg,test
5,plane,08759.jpg,test
8,stadium,08760.jpg,test
1,harbor,08761.jpg,test
0,car,08762.jpg,test
8,stadium,08763.jpg,test
0,car,08764.jpg,test
4,parking_lot,08765.jpg,test
7,ship,08766.jpg,test
9,storage_tank,08767.jpg,test
6,runway_mark,08768.jpg,test
5,plane,08769.jpg,test
6,runway_mark,08770.jpg,test
0,car,08771.jpg,test
3,oil_gas_field,08772.jpg,test
4,parking_lot,08773.jpg,test
5,plane,08774.jpg,test
1,harbor,08775.jpg,test
4,parking_lot,08776.jpg,test
7,ship,08777.jpg,test
1,harbor,08778.jpg,test
8,stadium,08779.jpg,test
7,ship,08780.jpg,test
6,runway_mark,08781.jpg,test
7,ship,08782.jpg,test
7,ship,08783.jpg,test
7,ship,08784.jpg,test
7,ship,08785.jpg,test
8,stadium,08786.jpg,test
5,plane,08787.jpg,test
8,stadium,08788.jpg,test
3,oil_gas_field,08789.jpg,test
0,car,08790.jpg,test
5,plane,08791.jpg,test
7,ship,08792.jpg,test
4,parking_lot,08793.jpg,test
2,helicopter,08794.jpg,test
7,ship,08795.jpg,test
1,harbor,08796.jpg,test
8,stadium,08797.jpg,test
8,stadium,08798.jpg,test
6,runway_mark,08799.jpg,test
6,runway_mark,08800.jpg,test
8,stadium,08801.jpg,test
1,harbor,08802.jpg,test
0,car,08803.jpg,test
2,helicopter,08804.jpg,test
5,plane,08805.jpg,test
9,storage_tank,08806.jpg,test
1,harbor,08807.jpg,test
7,ship,08808.jpg,test
9,storage_tank,08809.jpg,test
9,storage_tank,08810.jpg,test
2,helicopter,08811.jpg,test
0,car,08812.jpg,test
1,harbor,08813.jpg,test
4,parking_lot,08814.jpg,test
1,harbor,08815.jpg,test
5,plane,08816.jpg,test
0,car,08817.jpg,test
9,storage_tank,08818.jpg,test
0,car,08819.jpg,test
8,stadium,08820.jpg,test
0,car,08821.jpg,test
8,stadium,08822.jpg,test
4,parking_lot,08823.jpg,test
5,plane,08824.jpg,test
1,harbor,08825.jpg,test
8,stadium,08826.jpg,test
0,car,08827.jpg,test
2,helicopter,08828.jpg,test
5,plane,08829.jpg,test
4,parking_lot,08830.jpg,test
6,runway_mark,08831.jpg,test
0,car,08832.jpg,test
0,car,08833.jpg,test
3,oil_gas_field,08834.jpg,test
6,runway_mark,08835.jpg,test
3,oil_gas_field,08836.jpg,test
2,helicopter,08837.jpg,test
0,car,08838.jpg,test
8,stadium,08839.jpg,test
5,plane,08840.jpg,test
3,oil_gas_field,08841.jpg,test
4,parking_lot,08842.jpg,test
6,runway_mark,08843.jpg,test
5,plane,08844.jpg,test
2,helicopter,08845.jpg,test
4,parking_lot,08846.jpg,test
5,plane,08847.jpg,test
1,harbor,08848.jpg,test
3,oil_gas_field,08849.jpg,test
2,helicopter,08850.jpg,test
5,plane,08851.jpg,test
4,parking_lot,08852.jpg,test
7,ship,08853.jpg,test
3,oil_gas_field,08854.jpg,test
9,storage_tank,08855.jpg,test
7,ship,08856.jpg,test
9,storage_tank,08857.jpg,test
0,car,08858.jpg,test
5,plane,08859.jpg,test
7,ship,08860.jpg,test
7,ship,08861.jpg,test
1,harbor,08862.jpg,test
2,helicopter,08863.jpg,test
7,ship,08864.jpg,test
5,plane,08865.jpg,test
1,harbor,08866.jpg,test
9,storage_tank,08867.jpg,test
3,oil_gas_field,08868.jpg,test
7,ship,08869.jpg,test
8,stadium,08870.jpg,test
4,parking_lot,08871.jpg,test
2,helicopter,08872.jpg,test
5,plane,08873.jpg,test
6,runway_mark,08874.jpg,test
3,oil_gas_field,08875.jpg,test
6,runway_mark,08876.jpg,test
3,oil_gas_field,08877.jpg,test
8,stadium,08878.jpg,test
9,storage_tank,08879.jpg,test
1,harbor,08880.jpg,test
0,car,08881.jpg,test
6,runway_mark,08882.jpg,test
1,harbor,08883.jpg,test
6,runway_mark,08884.jpg,test
6,runway_mark,08885.jpg,test
0,car,08886.jpg,test
2,helicopter,08887.jpg,test
9,storage_tank,08888.jpg,test
5,plane,08889.jpg,test
4,parking_lot,08890.jpg,test
6,runway_mark,08891.jpg,test
8,stadium,08892.jpg,test
7,ship,08893.jpg,test
7,ship,08894.jpg,test
9,storage_tank,08895.jpg,test
5,plane,08896.jpg,test
2,helicopter,08897.jpg,test
6,runway_mark,08898.jpg,test
4,parking_lot,08899.jpg,test
5,plane,08900.jpg,test
9,storage_tank,08901.jpg,test
6,runway_mark,08902.jpg,test
3,oil_gas_field,08903.jpg,test
9,storage_tank,08904.jpg,test
9,storage_tank,08905.jpg,test
6,runway_mark,08906.jpg,test
7,ship,08907.jpg,test
0,car,08908.jpg,test
1,harbor,08909.jpg,test
1,harbor,08910.jpg,test
4,parking_lot,08911.jpg,test
7,ship,08912.jpg,test
1,harbor,08913.jpg,test
0,car,08914.jpg,test
4,parking_lot,08915.jpg,test
8,stadium,08916.jpg,test
1,harbor,08917.jpg,test
7,ship,08918.jpg,test
4,parking_lot,08919.jpg,test
8,stadium,08920.jpg,test
0,car,08921.jpg,test
0,car,08922.jpg,test
1,harbor,08923.jpg,test
3,oil_gas_field,08924.jpg,test
2,helicopter,08925.jpg,test
7,ship,08926.jpg,test
8,stadium,08927.jpg,test
3,oil_gas_field,08928.jpg,test
7,ship,08929.jpg,test
6,runway_mark,08930.jpg,test
6,runway_mark,08931.jpg,test
2,helicopter,08932.jpg,test
0,car,08933.jpg,test
6,runway_mark,08934.jpg,test
3,oil_gas_field,08935.jpg,test
7,ship,08936.jpg,test
0,car,08937.jpg,test
9,storage_tank,08938.jpg,test
9,storage_tank,08939.jpg,test
4,parking_lot,08940.jpg,test
9,storage_tank,08941.jpg,test
0,car,08942.jpg,test
7,ship,08943.jpg,test
3,oil_gas_field,08944.jpg,test
3,oil_gas_field,08945.jpg,test
6,runway_mark,08946.jpg,test
3,oil_gas_field,08947.jpg,test
6,runway_mark,08948.jpg,test
1,harbor,08949.jpg,test
5,plane,08950.jpg,test
0,car,08951.jpg,test
8,stadium,08952.jpg,test
2,helicopter,08953.jpg,test
1,harbor,08954.jpg,test
9,storage_tank,08955.jpg,test
7,ship,08956.jpg,test
3,oil_gas_field,08957.jpg,test
1,harbor,08958.jpg,test
0,car,08959.jpg,test
8,stadium,08960.jpg,test
8,stadium,08961.jpg,test
1,harbor,08962.jpg,test
1,harbor,08963.jpg,test
9,storage_tank,08964.jpg,test
6,runway_mark,08965.jpg,test
5,plane,08966.jpg,test
5,plane,08967.jpg,test
3,oil_gas_field,08968.jpg,test
0,car,08969.jpg,test
8,stadium,08970.jpg,test
1,harbor,08971.jpg,test
6,runway_mark,08972.jpg,test
2,helicopter,08973.jpg,test
0,car,08974.jpg,test
1,harbor,08975.jpg,test
4,parking_lot,08976.jpg,test
9,storage_tank,08977.jpg,test
6,runway_mark,08978.jpg,test
5,plane,08979.jpg,test
3,oil_gas_field,08980.jpg,test
4,parking_lot,08981.jpg,test
6,runway_mark,08982.jpg,test
1,harbor,08983.jpg,test
8,stadium,08984.jpg,test
3,oil_gas_field,08985.jpg,test
9,storage_tank,08986.jpg,test
3,oil_gas_field,08987.jpg,test
0,car,08988.jpg,test
1,harbor,08989.jpg,test
3,oil_gas_field,08990.jpg,test
1,harbor,08991.jpg,test
8,stadium,08992.jpg,test
2,helicopter,08993.jpg,test
9,storage_tank,08994.jpg,test
5,plane,08995.jpg,test
3,oil_gas_field,08996.jpg,test
6,runway_mark,08997.jpg,test
3,oil_gas_field,08998.jpg,test
7,ship,08999.jpg,test
4,parking_lot,09000.jpg,test
3,oil_gas_field,09001.jpg,test
0,car,09002.jpg,test
7,ship,09003.jpg,test
4,parking_lot,09004.jpg,test
1,harbor,09005.jpg,test
3,oil_gas_field,09006.jpg,test
9,storage_tank,09007.jpg,test
0,car,09008.jpg,test
1,harbor,09009.jpg,test
4,parking_lot,09010.jpg,test
5,plane,09011.jpg,test
2,helicopter,09012.jpg,test
2,helicopter,09013.jpg,test
6,runway_mark,09014.jpg,test
2,helicopter,09015.jpg,test
5,plane,09016.jpg,test
5,plane,09017.jpg,test
0,car,09018.jpg,test
4,parking_lot,09019.jpg,test
5,plane,09020.jpg,test
4,parking_lot,09021.jpg,test
3,oil_gas_field,09022.jpg,test
4,parking_lot,09023.jpg,test
9,storage_tank,09024.jpg,test
1,harbor,09025.jpg,test
6,runway_mark,09026.jpg,test
1,harbor,09027.jpg,test
5,plane,09028.jpg,test
5,plane,09029.jpg,test
3,oil_gas_field,09030.jpg,test
3,oil_gas_field,09031.jpg,test
3,oil_gas_field,09032.jpg,test
5,plane,09033.jpg,test
9,storage_tank,09034.jpg,test
7,ship,09035.jpg,test
3,oil_gas_field,09036.jpg,test
2,helicopter,09037.jpg,test
6,runway_mark,09038.jpg,test
9,storage_tank,09039.jpg,test
3,oil_gas_field,09040.jpg,test
5,plane,09041.jpg,test
6,runway_mark,09042.jpg,test
1,harbor,09043.jpg,test
1,harbor,09044.jpg,test
8,stadium,09045.jpg,test
3,oil_gas_field,09046.jpg,test
6,runway_mark,09047.jpg,test
5,plane,09048.jpg,test
4,parking_lot,09049.jpg,test
8,stadium,09050.jpg,test
6,runway_mark,09051.jpg,test
5,plane,09052.jpg,test
5,plane,09053.jpg,test
5,plane,09054.jpg,test
3,oil_gas_field,09055.jpg,test
9,storage_tank,09056.jpg,test
0,car,09057.jpg,test
8,stadium,09058.jpg,test
1,harbor,09059.jpg,test
7,ship,09060.jpg,test
9,storage_tank,09061.jpg,test
3,oil_gas_field,09062.jpg,test
4,parking_lot,09063.jpg,test
7,ship,09064.jpg,test
0,car,09065.jpg,test
9,storage_tank,09066.jpg,test
8,stadium,09067.jpg,test
3,oil_gas_field,09068.jpg,test
0,car,09069.jpg,test
4,parking_lot,09070.jpg,test
5,plane,09071.jpg,test
9,storage_tank,09072.jpg,test
4,parking_lot,09073.jpg,test
5,plane,09074.jpg,test
2,helicopter,09075.jpg,test
8,stadium,09076.jpg,test
2,helicopter,09077.jpg,test
4,parking_lot,09078.jpg,test
3,oil_gas_field,09079.jpg,test
1,harbor,09080.jpg,test
7,ship,09081.jpg,test
9,storage_tank,09082.jpg,test
9,storage_tank,09083.jpg,test
4,parking_lot,09084.jpg,test
7,ship,09085.jpg,test
5,plane,09086.jpg,test
9,storage_tank,09087.jpg,test
0,car,09088.jpg,test
8,stadium,09089.jpg,test
1,harbor,09090.jpg,test
8,stadium,09091.jpg,test
4,parking_lot,09092.jpg,test
6,runway_mark,09093.jpg,test
3,oil_gas_field,09094.jpg,test
7,ship,09095.jpg,test
7,ship,09096.jpg,test
4,parking_lot,09097.jpg,test
7,ship,09098.jpg,test
9,storage_tank,09099.jpg,test
3,oil_gas_field,09100.jpg,test
9,storage_tank,09101.jpg,test
6,runway_mark,09102.jpg,test
5,plane,09103.jpg,test
5,plane,09104.jpg,test
4,parking_lot,09105.jpg,test
5,plane,09106.jpg,test
9,storage_tank,09107.jpg,test
0,car,09108.jpg,test
2,helicopter,09109.jpg,test
8,stadium,09110.jpg,test
0,car,09111.jpg,test
6,runway_mark,09112.jpg,test
8,stadium,09113.jpg,test
9,storage_tank,09114.jpg,test
3,oil_gas_field,09115.jpg,test
7,ship,09116.jpg,test
6,runway_mark,09117.jpg,test
8,stadium,09118.jpg,test
7,ship,09119.jpg,test
6,runway_mark,09120.jpg,test
9,storage_tank,09121.jpg,test
1,harbor,09122.jpg,test
1,harbor,09123.jpg,test
0,car,09124.jpg,test
9,storage_tank,09125.jpg,test
5,plane,09126.jpg,test
1,harbor,09127.jpg,test
5,plane,09128.jpg,test
3,oil_gas_field,09129.jpg,test
8,stadium,09130.jpg,test
9,storage_tank,09131.jpg,test
9,storage_tank,09132.jpg,test
1,harbor,09133.jpg,test
7,ship,09134.jpg,test
6,runway_mark,09135.jpg,test
3,oil_gas_field,09136.jpg,test
5,plane,09137.jpg,test
4,parking_lot,09138.jpg,test
8,stadium,09139.jpg,test
8,stadium,09140.jpg,test
3,oil_gas_field,09141.jpg,test
8,stadium,09142.jpg,test
8,stadium,09143.jpg,test
6,runway_mark,09144.jpg,test
2,helicopter,09145.jpg,test
5,plane,09146.jpg,test
2,helicopter,09147.jpg,test
9,storage_tank,09148.jpg,test
4,parking_lot,09149.jpg,test
3,oil_gas_field,09150.jpg,test
2,helicopter,09151.jpg,test
2,helicopter,09152.jpg,test
9,storage_tank,09153.jpg,test
8,stadium,09154.jpg,test
3,oil_gas_field,09155.jpg,test
6,runway_mark,09156.jpg,test
9,storage_tank,09157.jpg,test
6,runway_mark,09158.jpg,test
2,helicopter,09159.jpg,test
3,oil_gas_field,09160.jpg,test
6,runway_mark,09161.jpg,test
2,helicopter,09162.jpg,test
6,runway_mark,09163.jpg,test
8,stadium,09164.jpg,test
8,stadium,09165.jpg,test
2,helicopter,09166.jpg,test
3,oil_gas_field,09167.jpg,test
1,harbor,09168.jpg,test
6,runway_mark,09169.jpg,test
7,ship,09170.jpg,test
7,ship,09171.jpg,test
7,ship,09172.jpg,test
4,parking_lot,09173.jpg,test
6,runway_mark,09174.jpg,test
8,stadium,09175.jpg,test
1,harbor,09176.jpg,test
9,storage_tank,09177.jpg,test
4,parking_lot,09178.jpg,test
5,plane,09179.jpg,test
2,helicopter,09180.jpg,test
4,parking_lot,09181.jpg,test
2,helicopter,09182.jpg,test
7,ship,09183.jpg,test
6,runway_mark,09184.jpg,test
6,runway_mark,09185.jpg,test
4,parking_lot,09186.jpg,test
2,helicopter,09187.jpg,test
8,stadium,09188.jpg,test
9,storage_tank,09189.jpg,test
1,harbor,09190.jpg,test
9,storage_tank,09191.jpg,test
1,harbor,09192.jpg,test
9,storage_tank,09193.jpg,test
5,plane,09194.jpg,test
0,car,09195.jpg,test
7,ship,09196.jpg,test
2,helicopter,09197.jpg,test
5,plane,09198.jpg,test
8,stadium,09199.jpg,test
7,ship,09200.jpg,test
3,oil_gas_field,09201.jpg,test
0,car,09202.jpg,test
5,plane,09203.jpg,test
4,parking_lot,09204.jpg,test
3,oil_gas_field,09205.jpg,test
1,harbor,09206.jpg,test
6,runway_mark,09207.jpg,test
9,storage_tank,09208.jpg,test
5,plane,09209.jpg,test
4,parking_lot,09210.jpg,test
2,helicopter,09211.jpg,test
4,parking_lot,09212.jpg,test
9,storage_tank,09213.jpg,test
5,plane,09214.jpg,test
3,oil_gas_field,09215.jpg,test
0,car,09216.jpg,test
1,harbor,09217.jpg,test
7,ship,09218.jpg,test
1,harbor,09219.jpg,test
6,runway_mark,09220.jpg,test
5,plane,09221.jpg,test
9,storage_tank,09222.jpg,test
2,helicopter,09223.jpg,test
7,ship,09224.jpg,test
7,ship,09225.jpg,test
1,harbor,09226.jpg,test
6,runway_mark,09227.jpg,test
4,parking_lot,09228.jpg,test
0,car,09229.jpg,test
0,car,09230.jpg,test
9,storage_tank,09231.jpg,test
9,storage_tank,09232.jpg,test
4,parking_lot,09233.jpg,test
6,runway_mark,09234.jpg,test
7,ship,09235.jpg,test
4,parking_lot,09236.jpg,test
4,parking_lot,09237.jpg,test
4,parking_lot,09238.jpg,test
8,stadium,09239.jpg,test
2,helicopter,09240.jpg,test
9,storage_tank,09241.jpg,test
2,helicopter,09242.jpg,test
0,car,09243.jpg,test
4,parking_lot,09244.jpg,test
9,storage_tank,09245.jpg,test
2,helicopter,09246.jpg,test
8,stadium,09247.jpg,test
8,stadium,09248.jpg,test
4,parking_lot,09249.jpg,test
9,storage_tank,09250.jpg,test
4,parking_lot,09251.jpg,test
6,runway_mark,09252.jpg,test
8,stadium,09253.jpg,test
1,harbor,09254.jpg,test
9,storage_tank,09255.jpg,test
0,car,09256.jpg,test
8,stadium,09257.jpg,test
9,storage_tank,09258.jpg,test
7,ship,09259.jpg,test
6,runway_mark,09260.jpg,test
5,plane,09261.jpg,test
1,harbor,09262.jpg,test
2,helicopter,09263.jpg,test
4,parking_lot,09264.jpg,test
9,storage_tank,09265.jpg,test
9,storage_tank,09266.jpg,test
4,parking_lot,09267.jpg,test
3,oil_gas_field,09268.jpg,test
0,car,09269.jpg,test
4,parking_lot,09270.jpg,test
6,runway_mark,09271.jpg,test
5,plane,09272.jpg,test
3,oil_gas_field,09273.jpg,test
3,oil_gas_field,09274.jpg,test
3,oil_gas_field,09275.jpg,test
2,helicopter,09276.jpg,test
3,oil_gas_field,09277.jpg,test
8,stadium,09278.jpg,test
2,helicopter,09279.jpg,test
4,parking_lot,09280.jpg,test
2,helicopter,09281.jpg,test
5,plane,09282.jpg,test
4,parking_lot,09283.jpg,test
1,harbor,09284.jpg,test
8,stadium,09285.jpg,test
5,plane,09286.jpg,test
9,storage_tank,09287.jpg,test
5,plane,09288.jpg,test
7,ship,09289.jpg,test
7,ship,09290.jpg,test
0,car,09291.jpg,test
8,stadium,09292.jpg,test
8,stadium,09293.jpg,test
1,harbor,09294.jpg,test
8,stadium,09295.jpg,test
0,car,09296.jpg,test
0,car,09297.jpg,test
5,plane,09298.jpg,test
8,stadium,09299.jpg,test
0,car,09300.jpg,test
2,helicopter,09301.jpg,test
3,oil_gas_field,09302.jpg,test
8,stadium,09303.jpg,test
6,runway_mark,09304.jpg,test
9,storage_tank,09305.jpg,test
0,car,09306.jpg,test
0,car,09307.jpg,test
5,plane,09308.jpg,test
0,car,09309.jpg,test
7,ship,09310.jpg,test
9,storage_tank,09311.jpg,test
6,runway_mark,09312.jpg,test
9,storage_tank,09313.jpg,test
6,runway_mark,09314.jpg,test
2,helicopter,09315.jpg,test
0,car,09316.jpg,test
0,car,09317.jpg,test
5,plane,09318.jpg,test
1,harbor,09319.jpg,test
8,stadium,09320.jpg,test
1,harbor,09321.jpg,test
3,oil_gas_field,09322.jpg,test
4,parking_lot,09323.jpg,test
1,harbor,09324.jpg,test
7,ship,09325.jpg,test
6,runway_mark,09326.jpg,test
4,parking_lot,09327.jpg,test
3,oil_gas_field,09328.jpg,test
2,helicopter,09329.jpg,test
5,plane,09330.jpg,test
1,harbor,09331.jpg,test
7,ship,09332.jpg,test
9,storage_tank,09333.jpg,test
4,parking_lot,09334.jpg,test
0,car,09335.jpg,test
1,harbor,09336.jpg,test
6,runway_mark,09337.jpg,test
4,parking_lot,09338.jpg,test
3,oil_gas_field,09339.jpg,test
0,car,09340.jpg,test
6,runway_mark,09341.jpg,test
9,storage_tank,09342.jpg,test
2,helicopter,09343.jpg,test
2,helicopter,09344.jpg,test
5,plane,09345.jpg,test
9,storage_tank,09346.jpg,test
7,ship,09347.jpg,test
4,parking_lot,09348.jpg,test
7,ship,09349.jpg,test
8,stadium,09350.jpg,test
0,car,09351.jpg,test
1,harbor,09352.jpg,test
3,oil_gas_field,09353.jpg,test
1,harbor,09354.jpg,test
4,parking_lot,09355.jpg,test
2,helicopter,09356.jpg,test
0,car,09357.jpg,test
4,parking_lot,09358.jpg,test
1,harbor,09359.jpg,test
7,ship,09360.jpg,test
8,stadium,09361.jpg,test
1,harbor,09362.jpg,test
7,ship,09363.jpg,test
7,ship,09364.jpg,test
8,stadium,09365.jpg,test
5,plane,09366.jpg,test
0,car,09367.jpg,test
1,harbor,09368.jpg,test
1,harbor,09369.jpg,test
5,plane,09370.jpg,test
5,plane,09371.jpg,test
3,oil_gas_field,09372.jpg,test
3,oil_gas_field,09373.jpg,test
2,helicopter,09374.jpg,test
2,helicopter,09375.jpg,test
1,harbor,09376.jpg,test
5,plane,09377.jpg,test
5,plane,09378.jpg,test
3,oil_gas_field,09379.jpg,test
0,car,09380.jpg,test
0,car,09381.jpg,test
7,ship,09382.jpg,test
4,parking_lot,09383.jpg,test
6,runway_mark,09384.jpg,test
3,oil_gas_field,09385.jpg,test
1,harbor,09386.jpg,test
3,oil_gas_field,09387.jpg,test
9,storage_tank,09388.jpg,test
7,ship,09389.jpg,test
6,runway_mark,09390.jpg,test
7,ship,09391.jpg,test
8,stadium,09392.jpg,test
0,car,09393.jpg,test
5,plane,09394.jpg,test
1,harbor,09395.jpg,test
6,runway_mark,09396.jpg,test
2,helicopter,09397.jpg,test
2,helicopter,09398.jpg,test
6,runway_mark,09399.jpg,test
5,plane,09400.jpg,test
4,parking_lot,09401.jpg,test
1,harbor,09402.jpg,test
3,oil_gas_field,09403.jpg,test
8,stadium,09404.jpg,test
7,ship,09405.jpg,test
2,helicopter,09406.jpg,test
3,oil_gas_field,09407.jpg,test
8,stadium,09408.jpg,test
9,storage_tank,09409.jpg,test
5,plane,09410.jpg,test
5,plane,09411.jpg,test
6,runway_mark,09412.jpg,test
7,ship,09413.jpg,test
0,car,09414.jpg,test
0,car,09415.jpg,test
9,storage_tank,09416.jpg,test
5,plane,09417.jpg,test
1,harbor,09418.jpg,test
3,oil_gas_field,09419.jpg,test
3,oil_gas_field,09420.jpg,test
7,ship,09421.jpg,test
9,storage_tank,09422.jpg,test
5,plane,09423.jpg,test
5,plane,09424.jpg,test
3,oil_gas_field,09425.jpg,test
7,ship,09426.jpg,test
3,oil_gas_field,09427.jpg,test
3,oil_gas_field,09428.jpg,test
2,helicopter,09429.jpg,test
4,parking_lot,09430.jpg,test
4,parking_lot,09431.jpg,test
9,storage_tank,09432.jpg,test
0,car,09433.jpg,test
3,oil_gas_field,09434.jpg,test
9,storage_tank,09435.jpg,test
6,runway_mark,09436.jpg,test
1,harbor,09437.jpg,test
4,parking_lot,09438.jpg,test
6,runway_mark,09439.jpg,test
7,ship,09440.jpg,test
9,storage_tank,09441.jpg,test
1,harbor,09442.jpg,test
8,stadium,09443.jpg,test
1,harbor,09444.jpg,test
6,runway_mark,09445.jpg,test
0,car,09446.jpg,test
1,harbor,09447.jpg,test
2,helicopter,09448.jpg,test
8,stadium,09449.jpg,test
7,ship,09450.jpg,test
4,parking_lot,09451.jpg,test
6,runway_mark,09452.jpg,test
1,harbor,09453.jpg,test
4,parking_lot,09454.jpg,test
1,harbor,09455.jpg,test
9,storage_tank,09456.jpg,test
1,harbor,09457.jpg,test
7,ship,09458.jpg,test
4,parking_lot,09459.jpg,test
4,parking_lot,09460.jpg,test
3,oil_gas_field,09461.jpg,test
0,car,09462.jpg,test
3,oil_gas_field,09463.jpg,test
9,storage_tank,09464.jpg,test
8,stadium,09465.jpg,test
7,ship,09466.jpg,test
4,parking_lot,09467.jpg,test
1,harbor,09468.jpg,test
9,storage_tank,09469.jpg,test
3,oil_gas_field,09470.jpg,test
0,car,09471.jpg,test
5,plane,09472.jpg,test
2,helicopter,09473.jpg,test
2,helicopter,09474.jpg,test
1,harbor,09475.jpg,test
4,parking_lot,09476.jpg,test
1,harbor,09477.jpg,test
0,car,09478.jpg,test
2,helicopter,09479.jpg,test
0,car,09480.jpg,test
1,harbor,09481.jpg,test
5,plane,09482.jpg,test
7,ship,09483.jpg,test
8,stadium,09484.jpg,test
6,runway_mark,09485.jpg,test
5,plane,09486.jpg,test
8,stadium,09487.jpg,test
9,storage_tank,09488.jpg,test
1,harbor,09489.jpg,test
0,car,09490.jpg,test
9,storage_tank,09491.jpg,test
8,stadium,09492.jpg,test
3,oil_gas_field,09493.jpg,test
8,stadium,09494.jpg,test
6,runway_mark,09495.jpg,test
1,harbor,09496.jpg,test
5,plane,09497.jpg,test
9,storage_tank,09498.jpg,test
9,storage_tank,09499.jpg,test
4,parking_lot,09500.jpg,test
9,storage_tank,09501.jpg,test
6,runway_mark,09502.jpg,test
4,parking_lot,09503.jpg,test
3,oil_gas_field,09504.jpg,test
8,stadium,09505.jpg,test
6,runway_mark,09506.jpg,test
9,storage_tank,09507.jpg,test
9,storage_tank,09508.jpg,test
7,ship,09509.jpg,test
3,oil_gas_field,09510.jpg,test
6,runway_mark,09511.jpg,test
9,storage_tank,09512.jpg,test
9,storage_tank,09513.jpg,test
4,parking_lot,09514.jpg,test
4,parking_lot,09515.jpg,test
9,storage_tank,09516.jpg,test
0,car,09517.jpg,test
0,car,09518.jpg,test
5,plane,09519.jpg,test
6,runway_mark,09520.jpg,test
9,storage_tank,09521.jpg,test
8,stadium,09522.jpg,test
6,runway_mark,09523.jpg,test
6,runway_mark,09524.jpg,test
4,parking_lot,09525.jpg,test
3,oil_gas_field,09526.jpg,test
2,helicopter,09527.jpg,test
1,harbor,09528.jpg,test
7,ship,09529.jpg,test
6,runway_mark,09530.jpg,test
8,stadium,09531.jpg,test
7,ship,09532.jpg,test
4,parking_lot,09533.jpg,test
6,runway_mark,09534.jpg,test
3,oil_gas_field,09535.jpg,test
9,storage_tank,09536.jpg,test
2,helicopter,09537.jpg,test
7,ship,09538.jpg,test
6,runway_mark,09539.jpg,test
4,parking_lot,09540.jpg,test
5,plane,09541.jpg,test
6,runway_mark,09542.jpg,test
4,parking_lot,09543.jpg,test
3,oil_gas_field,09544.jpg,test
1,harbor,09545.jpg,test
5,plane,09546.jpg,test
0,car,09547.jpg,test
7,ship,09548.jpg,test
0,car,09549.jpg,test
1,harbor,09550.jpg,test
4,parking_lot,09551.jpg,test
2,helicopter,09552.jpg,test
4,parking_lot,09553.jpg,test
3,oil_gas_field,09554.jpg,test
6,runway_mark,09555.jpg,test
5,plane,09556.jpg,test
5,plane,09557.jpg,test
7,ship,09558.jpg,test
1,harbor,09559.jpg,test
1,harbor,09560.jpg,test
0,car,09561.jpg,test
4,parking_lot,09562.jpg,test
1,harbor,09563.jpg,test
5,plane,09564.jpg,test
7,ship,09565.jpg,test
4,parking_lot,09566.jpg,test
6,runway_mark,09567.jpg,test
6,runway_mark,09568.jpg,test
4,parking_lot,09569.jpg,test
9,storage_tank,09570.jpg,test
1,harbor,09571.jpg,test
0,car,09572.jpg,test
4,parking_lot,09573.jpg,test
7,ship,09574.jpg,test
9,storage_tank,09575.jpg,test
8,stadium,09576.jpg,test
5,plane,09577.jpg,test
5,plane,09578.jpg,test
4,parking_lot,09579.jpg,test
1,harbor,09580.jpg,test
8,stadium,09581.jpg,test
7,ship,09582.jpg,test
0,car,09583.jpg,test
2,helicopter,09584.jpg,test
